일련번호,신고구분,신고내용,접수일자,접수시각,관할기관,GPS X,GPS Y
830,로드킬,경기 구리시 토평동 48-102 번지에서 로드킬이 발생하였습니다.,2022-06-30,18:44,경기 구리시,127.15623707311991,37.58273425393807
829,로드킬,경북 영양군 영양읍 무창리 산 9-4 번지에서 로드킬이 발생하였습니다.,2022-06-30,10:53,경북 영양군,129.22570523518084,36.62147276427334
828,로드킬,경기 구리시 토평동 48-99 번지에서 로드킬이 발생하였습니다.,2022-06-29,18:32,경기 구리시,127.15657040274345,37.58173438188478
827,로드킬,인천 서구 백석동 81-18 번지에서 로드킬이 발생하였습니다.,2022-06-29,16:49,인천 서구,126.67175654910015,37.584308659375274
826,로드킬,울산 동구 방어동 1381 번지에서 로드킬이 발생하였습니다.,2022-06-29,15:34,울산 동구,129.40805450467676,35.49130508006088
825,로드킬,경기 김포시 고촌읍 신곡리 787-4 번지에서 로드킬이 발생하였습니다.,2022-06-29,08:35,경기 김포시,126.76324747022953,37.589087488751126
824,로드킬,서울 중구 저동2가 76-14 번지에서 로드킬이 발생하였습니다.,2022-06-28,13:37,서울 중구,126.98980935657221,37.565316688461635
823,로드킬,서울 중구 저동2가 76-14 번지에서 로드킬이 발생하였습니다.,2022-06-28,13:30,서울 중구,126.98980935657221,37.565316688461635
822,로드킬,서울 중구 저동2가 76-14 번지에서 로드킬이 발생하였습니다.,2022-06-28,13:29,서울 중구,126.98983713164039,37.56531668896393
821,로드킬,충남 아산시 배방읍 공수리 1029 번지에서 로드킬이 발생하였습니다.,2022-06-28,08:54,충남 아산시,127.0367161424617,36.7639425849054
820,로드킬,경남 창원시 진해구 자은동 835 번지에서 로드킬이 발생하였습니다.,2022-06-27,19:53,경남 창원시 진해구,128.70751844428395,35.14727696140519
819,로드킬,경기 남양주시 호평동 산 54-9 번지에서 로드킬이 발생하였습니다.,2022-06-27,12:29,경기 남양주시,127.24508718704894,37.66353158317458
818,로드킬,경기 포천시 군내면 유교리 249-3 번지에서 로드킬이 발생하였습니다.,2022-06-27,09:46,경기 포천시,127.2019746484507,37.85709049282102
817,로드킬,경기 포천시 군내면 유교리 110-7 번지에서 로드킬이 발생하였습니다.,2022-06-27,09:45,경기 포천시,127.20639070939089,37.86303429193086
816,로드킬,충남 예산군 응봉면 지석리 112-2 번지에서 로드킬이 발생하였습니다.,2022-06-27,09:38,충남 예산군,126.75832942152219,36.651006869166466
815,로드킬,충남 홍성군 홍북읍 대인리 40-8 번지에서 로드킬이 발생하였습니다.,2022-06-27,09:37,충남 홍성군,126.7468585658714,36.64139671800392
814,로드킬,충남 아산시 배방읍 세교리 965-13 번지에서 로드킬이 발생하였습니다.,2022-06-27,08:25,충남 아산시,127.08107260185633,36.777441743964104
813,로드킬,충남 홍성군 홍북읍 대인리 산 115-4 번지에서 로드킬이 발생하였습니다.,2022-06-27,08:18,충남 홍성군,126.75063585692443,36.645924015053225
812,로드킬,충남 홍성군 금마면 장성리 366-21 번지에서 로드킬이 발생하였습니다.,2022-06-27,08:05,충남 홍성군,126.69153153035421,36.605816714881776
811,로드킬,경기 여주시 가남읍 신해리 608-5 번지에서 로드킬이 발생하였습니다.,2022-06-27,07:58,경기 여주시,127.53023901524683,37.21828540671617
810,로드킬,충남 예산군 응봉면 지석리 112-2 번지에서 로드킬이 발생하였습니다.,2022-06-27,07:21,충남 예산군,126.75844051816027,36.65114574322589
809,로드킬,충남 홍성군 홍북읍 대인리 40-8 번지에서 로드킬이 발생하였습니다.,2022-06-27,07:19,충남 홍성군,126.74705298331078,36.641702240058585
808,로드킬,충남 홍성군 금마면 장성리 370-23 번지에서 로드킬이 발생하였습니다.,2022-06-27,07:12,충남 홍성군,126.68886513895143,36.605150082193425
807,로드킬,경기 용인시 수지구 죽전동 1437 번지에서 로드킬이 발생하였습니다.,2022-06-27,02:44,경기 용인시 수지구,127.1251363084073,37.32662597424919
806,로드킬,ROADKILL,2022-06-26,19:47,,126.74769179181118,36.64239661181306
805,로드킬,경기 하남시 천현동 259 번지에서 로드킬이 발생하였습니다.,2022-06-26,16:52,경기 하남시,127.20387279840556,37.531408043202156
804,로드킬,강원 고성군 토성면 천진리 415-2 번지에서 로드킬이 발생하였습니다.,2022-06-26,16:20,강원 고성군,128.55110848825427,38.25953919955952
803,로드킬,충남 당진시 석문면 통정리 542-13 번지에서 로드킬이 발생하였습니다.,2022-06-26,15:46,충남 당진시,126.58836444328351,36.990712763748526
802,로드킬,충남 보령시 주포면 마강리 147-6 번지에서 로드킬이 발생하였습니다.,2022-06-26,15:43,충남 보령시,126.58871300092133,36.42247594042663
801,로드킬,충남 아산시 둔포면 신항리 614-1 번지에서 로드킬이 발생하였습니다.,2022-06-25,18:53,충남 아산시,127.02993527105033,36.89987047019825
800,로드킬,충남 부여군 홍산면 상천리 542 번지에서 로드킬이 발생하였습니다.,2022-06-25,15:17,충남 부여군,126.74789658130426,36.2543045040902
799,로드킬,충남 홍성군 장곡면 도산리 527 번지에서 로드킬이 발생하였습니다.,2022-06-25,13:28,충남 홍성군,126.70367180480052,36.51038400102705
798,로드킬,강원 원주시 지정면 월송리 산 34-1 번지에서 로드킬이 발생하였습니다.,2022-06-25,12:41,강원 원주시,127.8599519949678,37.39429795436673
797,로드킬,부산 부산진구 당감동 404-1 번지에서 로드킬이 발생하였습니다.,2022-06-25,11:58,부산 부산진구,129.03843150214618,35.16525320404794
796,로드킬,경기 화성시 기안동 21-115 번지에서 로드킬이 발생하였습니다.,2022-06-25,10:41,경기 화성시,126.98781918786302,37.22477476512296
795,로드킬,경기 남양주시 진건읍 진관리 565-3 번지에서 로드킬이 발생하였습니다.,2022-06-25,09:18,경기 남양주시,127.16031793406468,37.65467000152564
794,로드킬,충남 공주시 정안면 인풍리 50-8 번지에서 로드킬이 발생하였습니다.,2022-06-25,08:59,충남 공주시,127.12232240826089,36.63987575559728
793,로드킬,경남 밀양시 내이동 1096-9 번지에서 로드킬이 발생하였습니다.,2022-06-25,08:51,경남 밀양시,128.74408879401642,35.49418110600285
792,로드킬,부산 기장군 정관읍 달산리 1037-1 번지에서 로드킬이 발생하였습니다.,2022-06-24,18:51,부산 기장군,129.18077511759313,35.3164602809339
791,로드킬,충북 청주시 흥덕구 옥산면 오산리 394-1 번지에서 로드킬이 발생하였습니다.,2022-06-24,18:37,충북 청주시 흥덕구,127.37054793075994,36.66134983603091
790,로드킬,경기 용인시 처인구 포곡읍 둔전리 406-99 번지에서 로드킬이 발생하였습니다.,2022-06-24,17:32,경기 용인시 처인구,127.2132960946127,37.26749586759601
789,로드킬,울산 울주군 범서읍 굴화리 산 13-1 번지에서 로드킬이 발생하였습니다.,2022-06-24,17:20,울산 울주군,129.2449288868512,35.560543789699835
788,로드킬,경기 파주시 적성면 자장리 168-9 번지에서 로드킬이 발생하였습니다.,2022-06-24,15:02,경기 파주시,126.86750433846333,37.962988092350436
787,로드킬,충남 홍성군 은하면 금국리 700 번지에서 로드킬이 발생하였습니다.,2022-06-23,13:31,충남 홍성군,126.58062670992108,36.5631810452334
786,로드킬,경북 울진군 온정면 선구리 산 159-2 번지에서 로드킬이 발생하였습니다.,2022-06-23,11:25,경북 울진군,129.3223586887402,36.75548638237342
785,로드킬,경기 안양시 만안구 박달동 928-2 번지에서 로드킬이 발생하였습니다.,2022-06-23,09:50,경기 안양시 만안구,126.88604611006798,37.409639344155984
784,로드킬,충남 천안시 동남구 신방동 912 번지에서 로드킬이 발생하였습니다.,2022-06-23,08:24,충남 천안시 동남구,127.1307619556211,36.78819133247853
783,로드킬,경기 이천시 장호원읍 오남리 600-7 번지에서 로드킬이 발생하였습니다.,2022-06-23,08:16,경기 이천시,127.61717859837238,37.09496861203681
782,로드킬,충남 예산군 오가면 원천리 1122-1 번지에서 로드킬이 발생하였습니다.,2022-06-22,08:40,충남 예산군,126.79840764803545,36.696752045356945
781,로드킬,충남 예산군 오가면 원천리 1122-1 번지에서 로드킬이 발생하였습니다.,2022-06-22,08:40,충남 예산군,126.79840764803545,36.696752045356945
780,로드킬,충남 홍성군 금마면 죽림리 산 63 번지에서 로드킬이 발생하였습니다.,2022-06-22,08:39,충남 홍성군,126.7127234963641,36.621926250447224
779,로드킬,경기 여주시 가남읍 태평리 230 번지에서 로드킬이 발생하였습니다.,2022-06-22,08:04,경기 여주시,127.541654799481,37.21056433052546
778,로드킬,충남 홍성군 광천읍 광천리 124-6 번지에서 로드킬이 발생하였습니다.,2022-06-21,16:42,충남 홍성군,126.62759598581654,36.50366126686439
777,로드킬,충남 홍성군 광천읍 광천리 468 번지에서 로드킬이 발생하였습니다.,2022-06-21,16:41,충남 홍성군,126.62712381800438,36.50332796554996
776,로드킬,경기 화성시 방교동 872-375 번지에서 로드킬이 발생하였습니다.,2022-06-21,16:04,경기 화성시,127.08939443926542,37.16156204374528
775,로드킬,ROADKILL,2022-06-21,12:57,,127.0454075095925,36.8451829182898
774,로드킬,전북 익산시 황등면 신성리 587-5 번지에서 로드킬이 발생하였습니다.,2022-06-21,12:39,전북 익산시,126.93149611203894,36.02644616621172
773,로드킬,경기 시흥시 정왕동 1286-1 번지에서 로드킬이 발생하였습니다.,2022-06-21,12:23,경기 시흥시,126.73381327398975,37.32636898533029
772,로드킬,충북 제천시 두학동 928-2 번지에서 로드킬이 발생하였습니다.,2022-06-21,12:08,충북 제천시,128.2455614416949,37.13128150771039
771,로드킬,충남 공주시 정안면 화봉리 산 9-12 번지에서 로드킬이 발생하였습니다.,2022-06-21,11:33,충남 공주시,127.11604768076216,36.55046975772822
770,로드킬,부산 강서구 대저1동 3616-3 번지에서 로드킬이 발생하였습니다.,2022-06-21,08:10,부산 강서구,128.9438558320335,35.20721871797694
769,로드킬,경기 이천시 부발읍 응암리 254 번지에서 로드킬이 발생하였습니다.,2022-06-21,07:55,경기 이천시,127.52215620132434,37.22742303902223
768,로드킬,충남 당진시 합덕읍 소소리 64-72 번지에서 로드킬이 발생하였습니다.,2022-06-20,15:31,충남 당진시,126.7573806781078,36.81304281592828
767,로드킬,충남 천안시 서북구 두정동 2-16 번지에서 로드킬이 발생하였습니다.,2022-06-20,12:34,충남 천안시 서북구,127.16131322110986,36.83665824395987
766,로드킬,충남 홍성군 구항면 청광리 288-3 번지에서 로드킬이 발생하였습니다.,2022-06-20,10:18,충남 홍성군,126.64148232784368,36.548933822205946
765,로드킬,충남 홍성군 홍동면 구정리 398 번지에서 로드킬이 발생하였습니다.,2022-06-20,10:05,충남 홍성군,126.6884774826645,36.56057212439424
764,로드킬,충남 홍성군 홍동면 구정리 398 번지에서 로드킬이 발생하였습니다.,2022-06-20,10:04,충남 홍성군,126.6884774826645,36.56057212439424
763,로드킬,충남 홍성군 홍동면 구정리 711-20 번지에서 로드킬이 발생하였습니다.,2022-06-20,09:07,충남 홍성군,126.68967177395785,36.56198864089239
762,로드킬,경기 여주시 대신면 당남리 89-6 번지에서 로드킬이 발생하였습니다.,2022-06-20,08:22,경기 여주시,127.55506496517187,37.39065383530254
761,로드킬,경북 구미시 장천면 상장리 889-3 번지에서 로드킬이 발생하였습니다.,2022-06-20,08:04,경북 구미시,128.49495565801948,36.125323669641304
760,로드킬,경북 경주시 양남면 나아리 454-7 번지에서 로드킬이 발생하였습니다.,2022-06-19,16:48,경북 경주시,129.46965381358265,35.70144809389072
759,로드킬,서울 종로구 부암동 186-2 번지에서 로드킬이 발생하였습니다.,2022-06-19,16:13,서울 종로구,126.96300552389576,37.59659016754821
758,로드킬,충남 홍성군 홍성읍 남장리 122-5 번지에서 로드킬이 발생하였습니다.,2022-06-19,14:37,충남 홍성군,126.66161820382449,36.58892934379349
757,로드킬,충남 예산군 대흥면 상중리 470-1 번지에서 로드킬이 발생하였습니다.,2022-06-19,13:16,충남 예산군,126.77980091629622,36.601152154983914
756,로드킬,경기 양평군 양평읍 회현리 10-74 번지에서 로드킬이 발생하였습니다.,2022-06-19,12:53,경기 양평군,127.52489903051763,37.466171878392544
755,로드킬,충남 예산군 덕산면 시량리 산 47-6 번지에서 로드킬이 발생하였습니다.,2022-06-19,12:12,충남 예산군,126.65825489059087,36.68305680131826
754,로드킬,세종특별자치시 금남면 달전리 513-1 번지에서 로드킬이 발생하였습니다.,2022-06-19,11:36,세종특별자치시 세종시,127.35138833534769,36.4719834097981
753,로드킬,경기 화성시 팔탄면 율암리 38-8 번지에서 로드킬이 발생하였습니다.,2022-06-19,11:25,경기 화성시,126.8734427499149,37.17675077474395
752,로드킬,충남 예산군 오가면 역탑리 359-22 번지에서 로드킬이 발생하였습니다.,2022-06-19,11:09,충남 예산군,126.79168657127327,36.67842080903475
751,로드킬,경북 구미시 장천면 오로리 914-3 번지에서 로드킬이 발생하였습니다.,2022-06-18,17:26,경북 구미시,128.52675690494573,36.17084660849045
750,로드킬,충남 공주시 유구읍 녹천리 416-6 번지에서 로드킬이 발생하였습니다.,2022-06-18,14:56,충남 공주시,126.9281203630861,36.58590660210765
749,로드킬,경기 수원시 권선구 권선동 1328 번지에서 로드킬이 발생하였습니다.,2022-06-18,12:36,경기 수원시 권선구,127.03520287792394,37.2460230352738
748,로드킬,충남 부여군 구룡면 주정리 97-1 번지에서 로드킬이 발생하였습니다.,2022-06-18,10:05,충남 부여군,126.82580580771236,36.25275048982858
747,로드킬,충남 부여군 구룡면 논티리 1-7 번지에서 로드킬이 발생하였습니다.,2022-06-18,10:04,충남 부여군,126.81205741713597,36.241834896208005
746,로드킬,충남 부여군 구룡면 동방리 693-3 번지에서 로드킬이 발생하였습니다.,2022-06-18,10:03,충남 부여군,126.80325285402441,36.236279855336456
745,로드킬,충남 부여군 남면 송학리 226-5 번지에서 로드킬이 발생하였습니다.,2022-06-18,10:02,충남 부여군,126.79328180082128,36.22828064363377
744,로드킬,경기 김포시 대곶면 약암리 1201-1 번지에서 로드킬이 발생하였습니다.,2022-06-17,23:19,경기 김포시,126.55046124661597,37.64182725329203
743,로드킬,충남 홍성군 홍북읍 대인리 66 번지에서 로드킬이 발생하였습니다.,2022-06-17,22:54,충남 홍성군,126.74716407770664,36.641924437385946
742,로드킬,충남 아산시 탕정면 용두리 100-4 번지에서 로드킬이 발생하였습니다.,2022-06-17,22:35,충남 아산시,127.04938006172111,36.81932500498641
741,로드킬,경기 오산시 부산동 171-12 번지에서 로드킬이 발생하였습니다.,2022-06-17,20:59,경기 오산시,127.08881119683117,37.16033995932628
740,로드킬,충남 홍성군 홍성읍 남장리 516 번지에서 로드킬이 발생하였습니다.,2022-06-17,17:10,충남 홍성군,126.66881186239834,36.59234572324639
739,로드킬,충남 홍성군 홍성읍 남장리 516 번지에서 로드킬이 발생하였습니다.,2022-06-17,17:10,충남 홍성군,126.66856186196544,36.59326227487278
738,로드킬,충남 홍성군 서부면 궁리 1019-1 번지에서 로드킬이 발생하였습니다.,2022-06-17,13:33,충남 홍성군,126.45777660768474,36.59545279900538
737,로드킬,경기 구리시 사노동 산 152-16 번지에서 로드킬이 발생하였습니다.,2022-06-17,09:06,경기 구리시,127.13248778476127,37.638421475548256
736,로드킬,충북 청주시 흥덕구 지동동 283-4 번지에서 로드킬이 발생하였습니다.,2022-06-17,08:36,충북 청주시 흥덕구,127.40951680951771,36.64685228650902
735,로드킬,경기 여주시 가남읍 건장리 산 6-7 번지에서 로드킬이 발생하였습니다.,2022-06-17,08:13,경기 여주시,127.5501543797598,37.19656618371813
734,로드킬,경기 가평군 북면 도대리 산 57-4 번지에서 로드킬이 발생하였습니다.,2022-06-17,03:59,경기 가평군,127.47775040362731,37.95330606034474
733,로드킬,제주특별자치도 제주시 구좌읍 김녕리 2121 번지에서 로드킬이 발생하였습니다.,2022-06-16,20:17,제주특별자치도 제주시,126.7493244155252,33.55437416467118
732,로드킬,경남 창원시 진해구 석동 459-52 번지에서 로드킬이 발생하였습니다.,2022-06-16,18:15,경남 창원시 진해구,128.699102082715,35.16491361591193
731,로드킬,경기 구리시 토평동 828-6 번지에서 로드킬이 발생하였습니다.,2022-06-16,16:48,경기 구리시,127.13901670915725,37.57648470186235
730,로드킬,서울 중구 저동2가 76-14 번지에서 로드킬이 발생하였습니다.,2022-06-16,16:12,서울 중구,126.98980935577957,37.56534446285283
729,로드킬,경기 화성시 반송동 263 번지에서 로드킬이 발생하였습니다.,2022-06-16,14:13,경기 화성시,127.07186733073696,37.19822394478505
728,로드킬,경기 화성시 반송동 255 번지에서 로드킬이 발생하였습니다.,2022-06-16,14:06,경기 화성시,127.0710062078501,37.201612406770046
727,로드킬,경북 영천시 화남면 신호리 995 번지에서 로드킬이 발생하였습니다.,2022-06-16,12:39,경북 영천시,128.93294488719147,36.025343837552484
726,로드킬,경기 용인시 처인구 이동읍 묘봉리 산 9-1 번지에서 로드킬이 발생하였습니다.,2022-06-16,09:27,경기 용인시 처인구,127.21307780029407,37.12951260813516
725,로드킬,충남 아산시 권곡동 141-1 번지에서 로드킬이 발생하였습니다.,2022-06-16,08:34,충남 아산시,127.01646719197807,36.7968549132146
724,로드킬,충남 홍성군 홍북읍 신경리 1909 번지에서 로드킬이 발생하였습니다.,2022-06-16,08:31,충남 홍성군,126.6875027785033,36.65653274006388
723,로드킬,부산 기장군 정관읍 예림리 30-3 번지에서 로드킬이 발생하였습니다.,2022-06-16,08:29,부산 기장군,129.22785391345946,35.321599452774414
722,로드킬,경기 이천시 부발읍 가산리 484-1 번지에서 로드킬이 발생하였습니다.,2022-06-16,08:05,경기 이천시,127.50579627515087,37.241282168669166
721,로드킬,울산 울주군 범서읍 천상리 산 1-6 번지에서 로드킬이 발생하였습니다.,2022-06-16,07:48,울산 울주군,129.24201246853275,35.56140474355026
720,로드킬,경기 수원시 팔달구 인계동 1164-1 번지에서 로드킬이 발생하였습니다.,2022-06-16,07:10,경기 수원시 팔달구,127.03114733928963,37.25941022466587
719,로드킬,경기 수원시 영통구 매탄동 1190 번지에서 로드킬이 발생하였습니다.,2022-06-16,06:59,경기 수원시 영통구,127.03823007935216,37.256049649353585
718,로드킬,전북 완주군 봉동읍 용암리 81-9 번지에서 로드킬이 발생하였습니다.,2022-06-16,06:04,전북 완주군,127.13420072977058,35.95973547739138
717,로드킬,경기 구리시 토평동 828-6 번지에서 로드킬이 발생하였습니다.,2022-06-15,16:37,경기 구리시,127.13915558371113,37.57651247878407
716,로드킬,서울 서대문구 홍제동 161-1 번지에서 로드킬이 발생하였습니다.,2022-06-14,23:13,서울 서대문구,126.94795176663126,37.585063523774195
715,로드킬,서울 중구 을지로2가 203 번지에서 로드킬이 발생하였습니다.,2022-06-14,15:15,서울 중구,126.988698342749,37.565705509846794
714,로드킬,충남 아산시 음봉면 삼거리 121-11 번지에서 로드킬이 발생하였습니다.,2022-06-14,09:58,충남 아산시,127.018743284777,36.85004296620162
713,로드킬,서울 중구 저동2가 78 번지에서 로드킬이 발생하였습니다.,2022-06-14,09:46,서울 중구,126.98978158150408,37.56531668795934
712,로드킬,충남 홍성군 금마면 부평리 260-1 번지에서 로드킬이 발생하였습니다.,2022-06-14,08:35,충남 홍성군,126.73341584929553,36.62542618952291
711,로드킬,경기 화성시 봉담읍 왕림리 산 54-1 번지에서 로드킬이 발생하였습니다.,2022-06-14,08:14,경기 화성시,126.94149103143585,37.20058242909361
710,로드킬,경기 구리시 토평동 48-99 번지에서 로드킬이 발생하였습니다.,2022-06-14,07:51,경기 구리시,127.1579035637642,37.583206448989934
709,로드킬,서울 중구 저동2가 78 번지에서 로드킬이 발생하였습니다.,2022-06-13,17:57,서울 중구,126.98978158229673,37.565288913568125
708,로드킬,울산 울주군 범서읍 입암리 528 번지에서 로드킬이 발생하였습니다.,2022-06-13,17:43,울산 울주군,129.22765239978028,35.571986552650316
707,로드킬,경기 용인시 처인구 유방동 476-4 번지에서 로드킬이 발생하였습니다.,2022-06-13,14:10,경기 용인시 처인구,127.21246328929706,37.251747764830526
706,로드킬,서울 중구 저동2가 7-2 번지에서 로드킬이 발생하였습니다.,2022-06-13,09:54,서울 중구,126.99030931255542,37.56515005115581
705,로드킬,충남 아산시 기산동 210-4 번지에서 로드킬이 발생하였습니다.,2022-06-12,17:57,충남 아산시,126.96497332296875,36.75460910497548
704,로드킬,전북 완주군 구이면 계곡리 산 161-5 번지에서 로드킬이 발생하였습니다.,2022-06-12,17:55,전북 완주군,127.11895905064108,35.69912747198542
703,로드킬,충남 부여군 남면 송학리 227-5 번지에서 로드킬이 발생하였습니다.,2022-06-12,15:46,충남 부여군,126.79433723226799,36.22914166958059
702,로드킬,충남 서산시 운산면 안호리 산 24-3 번지에서 로드킬이 발생하였습니다.,2022-06-12,14:33,충남 서산시,126.57967526301951,36.82764904524273
701,로드킬,경기 구리시 아천동 87-18 번지에서 로드킬이 발생하였습니다.,2022-06-11,20:15,경기 구리시,127.11987973677682,37.57470679237721
700,로드킬,경기 고양시 덕양구 관산동 566-3 번지에서 로드킬이 발생하였습니다.,2022-06-11,19:28,경기 고양시 덕양구,126.8623731548205,37.71260196523943
699,로드킬,경기 평택시 청북읍 현곡리 316-25 번지에서 로드킬이 발생하였습니다.,2022-06-11,15:35,경기 평택시,126.93330175104836,37.04371243213346
698,로드킬,경남 사천시 사천읍 수석리 345-5 번지에서 로드킬이 발생하였습니다.,2022-06-11,14:30,경남 사천시,128.08371747138392,35.08291211395488
697,로드킬,경북 포항시 남구 연일읍 택전리 247-8 번지에서 로드킬이 발생하였습니다.,2022-06-11,09:35,경북 포항시 남구,129.33588026205769,35.987578262630905
696,로드킬,충남 보령시 화산동 354-1 번지에서 로드킬이 발생하였습니다.,2022-06-11,09:27,충남 보령시,126.62201688764138,36.364316858865074
695,로드킬,충북 충주시 엄정면 신만리 753-4 번지에서 로드킬이 발생하였습니다.,2022-06-11,03:58,충북 충주시,127.93134293041167,37.088669640823824
694,로드킬,충남 서산시 운산면 여미리 12 번지에서 로드킬이 발생하였습니다.,2022-06-11,01:59,충남 서산시,126.58270291548708,36.82142762932294
693,로드킬,강원 원주시 단구동 811-1 번지에서 로드킬이 발생하였습니다.,2022-06-10,23:32,강원 원주시,127.96449959931931,37.3210587972783
692,로드킬,서울 용산구 동자동 43-205 번지에서 로드킬이 발생하였습니다.,2022-06-10,20:23,서울 용산구,126.96978387060055,37.55345666143053
691,로드킬,서울 중구 저동2가 76-14 번지에서 로드킬이 발생하였습니다.,2022-06-10,16:46,서울 중구,126.98992046635668,37.5649833977763
690,로드킬,서울 중구 저동2가 76-14 번지에서 로드킬이 발생하였습니다.,2022-06-10,16:21,서울 중구,126.98980935498692,37.56537223724404
689,로드킬,경기 남양주시 조안면 시우리 146-2 번지에서 로드킬이 발생하였습니다.,2022-06-10,10:46,경기 남양주시,127.30016744890862,37.58434780106234
688,로드킬,전북 김제시 백구면 마산리 227-9 번지에서 로드킬이 발생하였습니다.,2022-06-10,08:53,전북 김제시,126.99102192356406,35.885047470810306
687,로드킬,경남 창원시 의창구 소답동 168 번지에서 로드킬이 발생하였습니다.,2022-06-10,08:50,경남 창원시 의창구,128.6320501558599,35.26165096631725
686,로드킬,울산 남구 옥동 산 19-1 번지에서 로드킬이 발생하였습니다.,2022-06-09,17:47,울산 남구,129.26834421838902,35.53052000604919
685,로드킬,경기 평택시 청북읍 고잔리 118-2 번지에서 로드킬이 발생하였습니다.,2022-06-09,16:08,경기 평택시,126.89222213508637,37.05326609734469
684,로드킬,충남 아산시 염치읍 강청리 106-5 번지에서 로드킬이 발생하였습니다.,2022-06-09,15:06,충남 아산시,126.93972399513116,36.819045310799034
683,로드킬,강원 원주시 소초면 교항리 676 번지에서 로드킬이 발생하였습니다.,2022-06-09,13:57,강원 원주시,128.01488016073534,37.43801778494796
682,로드킬,충북 음성군 생극면 병암리 751-1 번지에서 로드킬이 발생하였습니다.,2022-06-09,12:06,충북 음성군,127.60243209214285,37.02261598439185
681,로드킬,충남 아산시 인주면 문방리 800 번지에서 로드킬이 발생하였습니다.,2022-06-09,09:51,충남 아산시,126.84911989489038,36.88286931515759
680,로드킬,충남 아산시 인주면 문방리 800 번지에서 로드킬이 발생하였습니다.,2022-06-09,09:50,충남 아산시,126.84503692850457,36.88389689628277
679,로드킬,경기 남양주시 진건읍 진관리 산 84-5 번지에서 로드킬이 발생하였습니다.,2022-06-09,09:15,경기 남양주시,127.15979045484376,37.64611547976551
678,로드킬,경기 이천시 진리동 420 번지에서 로드킬이 발생하였습니다.,2022-06-09,07:46,경기 이천시,127.45855009019748,37.267722537922104
677,로드킬,경기 안성시 원곡면 지문리 산 105-2 번지에서 로드킬이 발생하였습니다.,2022-06-09,01:20,경기 안성시,127.13528161334922,37.06424133941077
676,로드킬,대전 서구 탄방동 71-9 번지에서 로드킬이 발생하였습니다.,2022-06-08,22:36,대전 서구,127.39608208822017,36.340999956933494
675,로드킬,충남 아산시 권곡동 141-1 번지에서 로드킬이 발생하였습니다.,2022-06-08,18:15,충남 아산시,127.01713379275331,36.79691047391464
674,로드킬,충남 아산시 권곡동 517 번지에서 로드킬이 발생하였습니다.,2022-06-08,18:14,충남 아산시,127.01630054445815,36.7967438125696
673,로드킬,서울 중구 저동2가 76-14 번지에서 로드킬이 발생하였습니다.,2022-06-08,18:09,서울 중구,126.98980935577957,37.56534446285283
672,로드킬,서울 중구 저동2가 1-2 번지에서 로드킬이 발생하였습니다.,2022-06-08,18:06,서울 중구,126.9898926809841,37.565344464359725
671,로드킬,경기 남양주시 호평동 산 5-52 번지에서 로드킬이 발생하였습니다.,2022-06-08,12:23,경기 남양주시,127.25516962669927,37.66044881071874
670,로드킬,경기 남양주시 화도읍 창현리 264-4 번지에서 로드킬이 발생하였습니다.,2022-06-08,12:17,경기 남양주시,127.32208061416294,37.63145357460835
669,로드킬,충남 천안시 동남구 영성동 167-4 번지에서 로드킬이 발생하였습니다.,2022-06-08,12:13,충남 천안시 동남구,127.1526484542563,36.79827383910251
668,로드킬,서울 강서구 방화동 832 번지에서 로드킬이 발생하였습니다.,2022-06-08,10:05,서울 강서구,126.81365958541126,37.575867783543515
667,로드킬,충남 홍성군 홍북읍 석택리 636 번지에서 로드킬이 발생하였습니다.,2022-06-08,08:35,충남 홍성군,126.6972796044976,36.656810655091945
666,로드킬,충남 홍성군 홍북읍 대인리 40-8 번지에서 로드킬이 발생하였습니다.,2022-06-08,08:33,충남 홍성군,126.74635862910817,36.640841220794854
665,로드킬,경기 이천시 장호원읍 장호원리 357 번지에서 로드킬이 발생하였습니다.,2022-06-08,08:22,경기 이천시,127.63525965829334,37.11335560813732
664,로드킬,충남 예산군 예산읍 예산리 431-2 번지에서 로드킬이 발생하였습니다.,2022-06-07,19:40,충남 예산군,126.8455424721922,36.67883837228453
663,로드킬,경북 구미시 구포동 1143-1 번지에서 로드킬이 발생하였습니다.,2022-06-07,17:55,경북 구미시,128.39838133443166,36.13040459495863
662,로드킬,충남 공주시 정안면 사현리 353-1 번지에서 로드킬이 발생하였습니다.,2022-06-07,16:29,충남 공주시,127.12329511169605,36.618906080133485
661,로드킬,경기 이천시 모가면 신갈리 74 번지에서 로드킬이 발생하였습니다.,2022-06-07,14:41,경기 이천시,127.44383109842363,37.204757683732325
660,로드킬,경기 화성시 영천동 120-3 번지에서 로드킬이 발생하였습니다.,2022-06-07,08:48,경기 화성시,127.09780870425345,37.21788869123898
659,로드킬,충남 홍성군 홍북읍 대동리 102-1 번지에서 로드킬이 발생하였습니다.,2022-06-07,08:33,충남 홍성군,126.69014141178322,36.65656056057755
658,로드킬,경기 용인시 기흥구 보정동 350-1 번지에서 로드킬이 발생하였습니다.,2022-06-07,08:32,경기 용인시 기흥구,127.10347214033365,37.312738381576835
657,로드킬,경기 화성시 비봉면 삼화리 4-3 번지에서 로드킬이 발생하였습니다.,2022-06-07,08:28,경기 화성시,126.85063712098072,37.258851502000844
656,로드킬,경기 이천시 부발읍 응암리 546 번지에서 로드킬이 발생하였습니다.,2022-06-07,07:57,경기 이천시,127.51004587977576,37.240726758578575
655,로드킬,충북 청주시 흥덕구 오송읍 오송리 150-4 번지에서 로드킬이 발생하였습니다.,2022-06-06,22:00,충북 청주시 흥덕구,127.32638672426823,36.61752099118754
654,로드킬,인천 서구 당하동 1118 번지에서 로드킬이 발생하였습니다.,2022-06-06,19:17,인천 서구,126.67033982859391,37.591141133272096
653,로드킬,충남 천안시 동남구 성남면 대화리 134-1 번지에서 로드킬이 발생하였습니다.,2022-06-06,17:33,충남 천안시 동남구,127.25361266502641,36.73614426456503
652,로드킬,경기 양주시 백석읍 기산리 280-4 번지에서 로드킬이 발생하였습니다.,2022-06-06,17:24,경기 양주시,126.94650194052461,37.777845514086415
651,로드킬,충북 청주시 흥덕구 옥산면 가락리 산 36-2 번지에서 로드킬이 발생하였습니다.,2022-06-06,17:01,충북 청주시 흥덕구,127.37126957050893,36.67981984422918
650,로드킬,충북 청주시 흥덕구 옥산면 가락리 851-1 번지에서 로드킬이 발생하였습니다.,2022-06-06,16:58,충북 청주시 흥덕구,127.37468607609107,36.673792854812994
649,로드킬,충남 홍성군 홍북읍 신경리 1908 번지에서 로드킬이 발생하였습니다.,2022-06-06,11:54,충남 홍성군,126.66442203590073,36.64308951710334
648,로드킬,대구 서구 평리동 1621-26 번지에서 로드킬이 발생하였습니다.,2022-06-06,10:28,대구 서구,128.55462388749118,35.87027184049577
647,로드킬,충남 보령시 화산동 699-7 번지에서 로드킬이 발생하였습니다.,2022-06-05,16:28,충남 보령시,126.6197116692797,36.35995623319549
646,로드킬,충남 천안시 동남구 신부동 182 번지에서 로드킬이 발생하였습니다.,2022-06-05,15:43,충남 천안시 동남구,127.16784068950231,36.825104202062015
645,로드킬,충남 홍성군 구항면 황곡리 73 번지에서 로드킬이 발생하였습니다.,2022-06-05,10:35,충남 홍성군,126.62809377511974,36.58470704792819
644,로드킬,충남 홍성군 홍북읍 대인리 211-6 번지에서 로드킬이 발생하였습니다.,2022-06-05,10:24,충남 홍성군,126.74188703166455,36.63367534140882
643,로드킬,전남 화순군 화순읍 이십곡리 329-1 번지에서 로드킬이 발생하였습니다.,2022-06-05,08:14,전남 화순군,126.97648877746572,35.06783899271843
642,로드킬,경남 남해군 이동면 용소리 산 127-15 번지에서 로드킬이 발생하였습니다.,2022-06-04,19:15,경남 남해군,127.91993533461768,34.774751088001096
641,로드킬,강원 홍천군 홍천읍 갈마곡리 140-6 번지에서 로드킬이 발생하였습니다.,2022-06-04,13:50,강원 홍천군,127.90052259400962,37.69098488318399
640,로드킬,경기 용인시 처인구 역북동 484-3 번지에서 로드킬이 발생하였습니다.,2022-06-04,12:04,경기 용인시 처인구,127.19066030396863,37.23569376323544
639,로드킬,경기 용인시 처인구 역북동 484-3 번지에서 로드킬이 발생하였습니다.,2022-06-04,12:04,경기 용인시 처인구,127.19066030396863,37.23569376323544
638,로드킬,부산 강서구 대저1동 1-1 번지에서 로드킬이 발생하였습니다.,2022-06-03,17:46,부산 강서구,128.99043484496997,35.206219704208635
637,로드킬,경남 창원시 의창구 동정동 151 번지에서 로드킬이 발생하였습니다.,2022-06-03,17:01,경남 창원시 의창구,128.6128573264557,35.26831649259183
636,로드킬,충남 부여군 구룡면 주정리 392-11 번지에서 로드킬이 발생하였습니다.,2022-06-03,14:34,충남 부여군,126.82647240669752,36.2528893736283
635,로드킬,경북 구미시 오태동 459-3 번지에서 로드킬이 발생하였습니다.,2022-06-03,10:54,경북 구미시,128.35977539628243,36.07679916486558
634,로드킬,충남 공주시 쌍신동 273-2 번지에서 로드킬이 발생하였습니다.,2022-06-03,10:48,충남 공주시,127.11888278730017,36.475395518759065
633,로드킬,충북 음성군 원남면 구안리 331-4 번지에서 로드킬이 발생하였습니다.,2022-06-03,09:36,충북 음성군,127.70259285511983,36.89132813478114
632,로드킬,충남 아산시 신동 567-8 번지에서 로드킬이 발생하였습니다.,2022-06-03,08:42,충남 아산시,127.03310458615994,36.79280014396801
631,로드킬,경기 용인시 수지구 상현동 1169 번지에서 로드킬이 발생하였습니다.,2022-06-02,23:20,경기 용인시 수지구,127.081419066991,37.300739441599184
630,로드킬,경남 창원시 의창구 도계동 425 번지에서 로드킬이 발생하였습니다.,2022-06-02,21:47,경남 창원시 의창구,128.63257788498123,35.26162320153451
629,로드킬,경남 창원시 의창구 사림동 501-1 번지에서 로드킬이 발생하였습니다.,2022-06-02,19:03,경남 창원시 의창구,128.693906265755,35.232849950584225
628,로드킬,대구 남구 대명동 1291 번지에서 로드킬이 발생하였습니다.,2022-06-02,18:49,대구 남구,128.55895772462034,35.83777578634727
627,로드킬,경기 수원시 권선구 고색동 389-2 번지에서 로드킬이 발생하였습니다.,2022-06-02,18:45,경기 수원시 권선구,126.97681955305691,37.24982707945558
626,로드킬,경기 안성시 원곡면 산하리 421-4 번지에서 로드킬이 발생하였습니다.,2022-06-02,15:33,경기 안성시,127.13186493258355,37.076545342053215
625,로드킬,경기 안성시 원곡면 산하리 421-4 번지에서 로드킬이 발생하였습니다.,2022-06-02,14:24,경기 안성시,127.13186493336224,37.07651756764232
624,로드킬,충남 부여군 홍산면 남촌리 97-11 번지에서 로드킬이 발생하였습니다.,2022-06-02,14:00,충남 부여군,126.75950768450954,36.21242085262357
623,로드킬,충남 당진시 면천면 문봉리 878 번지에서 로드킬이 발생하였습니다.,2022-06-02,13:58,충남 당진시,126.71144085049066,36.80670944195399
622,로드킬,충남 당진시 면천면 죽동리 362-1 번지에서 로드킬이 발생하였습니다.,2022-06-02,13:47,충남 당진시,126.65583404861864,36.846287008567494
621,로드킬,충남 당진시 면천면 죽동리 713 번지에서 로드킬이 발생하였습니다.,2022-06-02,13:46,충남 당진시,126.65575072034231,36.846398104764035
620,로드킬,충남 당진시 면천면 문봉리 878 번지에서 로드킬이 발생하였습니다.,2022-06-02,10:24,충남 당진시,126.71071870116046,36.80659833161748
619,로드킬,충남 당진시 면천면 문봉리 877 번지에서 로드킬이 발생하였습니다.,2022-06-02,10:23,충남 당진시,126.71066315098005,36.80659833064274
618,로드킬,충남 홍성군 홍성읍 고암리 898-1 번지에서 로드킬이 발생하였습니다.,2022-06-02,08:28,충남 홍성군,126.67525613660389,36.575486760111964
617,로드킬,충남 천안시 동남구 목천읍 삼성리 산 39-4 번지에서 로드킬이 발생하였습니다.,2022-06-02,06:30,충남 천안시 동남구,127.1712310482688,36.760223213145295
616,로드킬,세종특별자치시 소담동 617 번지에서 로드킬이 발생하였습니다.,2022-06-01,11:13,세종특별자치시 세종시,127.3063090148775,36.48337012099166
615,로드킬,충남 서산시 음암면 부산리 792-12 번지에서 로드킬이 발생하였습니다.,2022-06-01,08:39,충남 서산시,126.488795897581,36.80095625158994
614,로드킬,경기 평택시 청북읍 고렴리 653-8 번지에서 로드킬이 발생하였습니다.,2022-06-01,07:58,경기 평택시,126.91819156140382,37.06329312146008
613,로드킬,경기 화성시 비봉면 자안리 729-5 번지에서 로드킬이 발생하였습니다.,2022-06-01,07:10,경기 화성시,126.8708867895099,37.200192325960906
612,로드킬,충남 당진시 면천면 성상리 945 번지에서 로드킬이 발생하였습니다.,2022-06-01,05:11,충남 당진시,126.66527839700557,36.816096385217236
611,로드킬,충남 홍성군 구항면 신곡리 521 번지에서 로드킬이 발생하였습니다.,2022-06-01,05:08,충남 홍성군,126.6315113849389,36.53704619491478
610,로드킬,충남 당진시 송산면 가곡리 384-5 번지에서 로드킬이 발생하였습니다.,2022-05-31,11:47,충남 당진시,126.6738842306651,36.97941008067931
609,로드킬,세종특별자치시 장군면 은용리 462 번지에서 로드킬이 발생하였습니다.,2022-05-31,11:10,세종특별자치시 세종시,127.20029126048327,36.48906198722347
608,로드킬,서울 중구 저동2가 77-4 번지에서 로드킬이 발생하였습니다.,2022-05-31,10:59,서울 중구,126.98978158071142,37.56534446235053
607,로드킬,서울 중구 저동2가 78 번지에서 로드킬이 발생하였습니다.,2022-05-31,10:58,서울 중구,126.98975380643587,37.56531668745703
606,로드킬,경기 김포시 고촌읍 전호리 397-4 번지에서 로드킬이 발생하였습니다.,2022-05-31,08:31,경기 김포시,126.78782837308623,37.59008780713436
605,로드킬,경기 이천시 대월면 장평리 19 번지에서 로드킬이 발생하였습니다.,2022-05-31,07:55,경기 이천시,127.52515603959377,37.22295141417185
604,로드킬,경기 군포시 부곡동 479-6 번지에서 로드킬이 발생하였습니다.,2022-05-30,10:05,경기 군포시,126.93693232144305,37.328816760181425
603,로드킬,강원 양양군 강현면 정암리 2-16 번지에서 로드킬이 발생하였습니다.,2022-05-30,08:19,강원 양양군,128.612689535559,38.14219362759021
602,로드킬,울산 울주군 범서읍 굴화리 129-1 번지에서 로드킬이 발생하였습니다.,2022-05-30,07:44,울산 울주군,129.25528917507356,35.55540570532396
601,로드킬,경기 구리시 사노동 527 번지에서 로드킬이 발생하였습니다.,2022-05-29,18:23,경기 구리시,127.13351551192606,37.63669948209436
600,로드킬,충북 제천시 봉양읍 원박리 288-1 번지에서 로드킬이 발생하였습니다.,2022-05-29,12:21,충북 제천시,128.08557676530097,37.13363931524634
599,로드킬,충남 홍성군 광천읍 광천리 470-16 번지에서 로드킬이 발생하였습니다.,2022-05-29,09:23,충남 홍성군,126.61776382096784,36.495384317107934
598,로드킬,충남 보령시 청소면 장곡리 8-14 번지에서 로드킬이 발생하였습니다.,2022-05-29,09:17,충남 보령시,126.58885173744063,36.42772530993251
597,로드킬,충남 당진시 합덕읍 신석리 377-11 번지에서 로드킬이 발생하였습니다.,2022-05-29,08:47,충남 당진시,126.79162853256578,36.770159717873746
596,로드킬,경기 남양주시 진건읍 진관리 565-4 번지에서 로드킬이 발생하였습니다.,2022-05-28,18:26,경기 남양주시,127.16040126328062,37.654531131098004
595,로드킬,경기 남양주시 진접읍 내각리 414-18 번지에서 로드킬이 발생하였습니다.,2022-05-28,18:22,경기 남양주시,127.16609387152928,37.69880361134682
594,로드킬,충북 청주시 서원구 남이면 구미리 54-3 번지에서 로드킬이 발생하였습니다.,2022-05-28,13:55,충북 청주시 서원구,127.3827436700982,36.5723330044651
593,로드킬,경북 경산시 진량읍 신상리 산 33-2 번지에서 로드킬이 발생하였습니다.,2022-05-28,10:46,경북 경산시,128.82640361537983,35.877165000954584
592,로드킬,충남 홍성군 홍북읍 석택리 141-4 번지에서 로드킬이 발생하였습니다.,2022-05-28,10:42,충남 홍성군,126.71022285948732,36.65456115317671
591,로드킬,충남 아산시 배방읍 구령리 1384 번지에서 로드킬이 발생하였습니다.,2022-05-28,09:40,충남 아산시,127.03621592192276,36.7737191723021
590,로드킬,충남 홍성군 홍북읍 석택리 756-1 번지에서 로드킬이 발생하였습니다.,2022-05-28,08:37,충남 홍성군,126.71269485794731,36.654005707963144
589,로드킬,인천 연수구 송도동 48 번지에서 로드킬이 발생하였습니다.,2022-05-27,17:05,인천 연수구,126.64823695494368,37.374000555036645
588,로드킬,충북 음성군 음성읍 감우리 44 번지에서 로드킬이 발생하였습니다.,2022-05-27,08:28,충북 음성군,127.6411801576871,36.95951321423057
587,로드킬,충북 음성군 감곡면 주천리 429-1 번지에서 로드킬이 발생하였습니다.,2022-05-27,08:14,충북 음성군,127.61787318603662,37.087636178999254
586,로드킬,경기 이천시 장호원읍 이황리 474-4 번지에서 로드킬이 발생하였습니다.,2022-05-27,08:08,경기 이천시,127.58006953715177,37.14843367738582
585,로드킬,경기 광주시 남한산성면 엄미리 산 69-10 번지에서 로드킬이 발생하였습니다.,2022-05-27,01:23,경기 광주시,127.24564837789727,37.46647226702735
584,로드킬,충남 아산시 염치읍 백암리 504-2 번지에서 로드킬이 발생하였습니다.,2022-05-26,18:16,충남 아산시,127.0427425431112,36.79285586443401
583,로드킬,서울 중구 저동2가 76-14 번지에서 로드킬이 발생하였습니다.,2022-05-26,17:14,서울 중구,126.98980935736488,37.56528891407042
582,로드킬,서울 중구 을지로3가 344-2 번지에서 로드킬이 발생하였습니다.,2022-05-26,15:35,서울 중구,126.98997600064003,37.56553888660503
581,로드킬,충남 당진시 석문면 통정리 875-9 번지에서 로드킬이 발생하였습니다.,2022-05-26,14:42,충남 당진시,126.57822646370815,36.9934622525262
580,로드킬,서울 중구 저동2가 76-14 번지에서 로드킬이 발생하였습니다.,2022-05-26,14:26,서울 중구,126.98980935657221,37.565316688461635
579,로드킬,충남 당진시 석문면 통정리 926-20 번지에서 로드킬이 발생하였습니다.,2022-05-26,12:06,충남 당진시,126.57708768310799,36.9935455558047
578,로드킬,경기 고양시 일산서구 구산동 672-4 번지에서 로드킬이 발생하였습니다.,2022-05-26,10:13,경기 고양시 일산서구,126.68883571610353,37.672714833110234
577,로드킬,경기 오산시 원동 37 번지에서 로드킬이 발생하였습니다.,2022-05-26,09:48,경기 오산시,127.08525644620146,37.14395299488384
576,로드킬,충북 음성군 금왕읍 정생리 산 32-1 번지에서 로드킬이 발생하였습니다.,2022-05-26,08:29,충북 음성군,127.60307151637542,37.00170185880064
575,로드킬,충남 예산군 오가면 원평리 250-14 번지에서 로드킬이 발생하였습니다.,2022-05-26,08:23,충남 예산군,126.80865698050992,36.68486477305816
574,로드킬,충북 음성군 감곡면 주천리 429-1 번지에서 로드킬이 발생하였습니다.,2022-05-26,08:21,충북 음성군,127.61784541093994,37.08763617848815
573,로드킬,경기 이천시 장호원읍 이황리 474-4 번지에서 로드킬이 발생하였습니다.,2022-05-26,08:13,경기 이천시,127.57970844976894,37.14882251253087
572,로드킬,충남 공주시 동현동 590-5 번지에서 로드킬이 발생하였습니다.,2022-05-25,18:27,충남 공주시,127.16443397490521,36.475090808953844
571,로드킬,충남 당진시 우강면 성원리 126-8 번지에서 로드킬이 발생하였습니다.,2022-05-25,14:46,충남 당진시,126.80132087688598,36.81287694301199
570,로드킬,서울 중구 저동2가 76-14 번지에서 로드킬이 발생하였습니다.,2022-05-25,13:21,서울 중구,126.98980935577957,37.56534446285283
569,로드킬,서울 중구 저동2가 76-14 번지에서 로드킬이 발생하였습니다.,2022-05-25,13:09,서울 중구,126.98980935577957,37.56534446285283
568,로드킬,충남 아산시 배방읍 장재리 2020 번지에서 로드킬이 발생하였습니다.,2022-05-25,12:18,충남 아산시,127.10676407376667,36.79532892987665
567,로드킬,경북 안동시 성곡동 956-4 번지에서 로드킬이 발생하였습니다.,2022-05-24,23:23,경북 안동시,128.7582792107827,36.56058214925342
566,로드킬,경남 창원시 진해구 석동 264 번지에서 로드킬이 발생하였습니다.,2022-05-24,15:36,경남 창원시 진해구,128.7053240456932,35.15310956671331
565,로드킬,경기 화성시 봉담읍 당하리 277-1 번지에서 로드킬이 발생하였습니다.,2022-05-23,13:25,경기 화성시,126.93779745651558,37.182306804887396
564,로드킬,경북 영천시 대전동 749-4 번지에서 로드킬이 발생하였습니다.,2022-05-23,13:06,경북 영천시,128.92361354205295,35.9867926919466
563,로드킬,제주특별자치도 제주시 영평동 2037-8 번지에서 로드킬이 발생하였습니다.,2022-05-23,09:24,제주특별자치도 제주시,126.56953756496345,33.467825784951714
562,로드킬,충남 아산시 배방읍 공수리 1715 번지에서 로드킬이 발생하였습니다.,2022-05-23,08:30,충남 아산시,127.04788153229349,36.77119190764302
561,로드킬,경기 여주시 가남읍 신해리 635-24 번지에서 로드킬이 발생하였습니다.,2022-05-23,07:57,경기 여주시,127.53662738667889,37.21478594847551
560,로드킬,경북 봉화군 재산면 남면리 산 112-6 번지에서 로드킬이 발생하였습니다.,2022-05-23,00:47,경북 봉화군,128.95858704895684,36.777809947805835
559,로드킬,전북 전주시 덕진구 전미동2가 92-1 번지에서 로드킬이 발생하였습니다.,2022-05-22,18:32,전북 전주시 덕진구,127.10042793324617,35.893298391722084
558,로드킬,충남 서천군 판교면 복대리 48 번지에서 로드킬이 발생하였습니다.,2022-05-22,16:48,충남 서천군,126.69187642157765,36.169369300776765
557,로드킬,충남 부여군 홍산면 정동리 668-2 번지에서 로드킬이 발생하였습니다.,2022-05-22,11:48,충남 부여군,126.77595033328502,36.220642371896616
556,로드킬,대구 북구 국우동 산 52-1 번지에서 로드킬이 발생하였습니다.,2022-05-21,18:21,대구 북구,128.58614656634558,35.9455690228713
555,로드킬,충남 아산시 염치읍 백암리 182-45 번지에서 로드킬이 발생하였습니다.,2022-05-21,18:08,충남 아산시,127.0365208175085,36.796633074798976
554,로드킬,충남 아산시 염치읍 백암리 160-5 번지에서 로드킬이 발생하였습니다.,2022-05-21,18:08,충남 아산시,127.03735397404004,36.80013266658178
553,로드킬,충남 아산시 음봉면 송촌리 178-6 번지에서 로드킬이 발생하였습니다.,2022-05-21,18:04,충남 아산시,127.04013023852438,36.84529392185552
552,로드킬,충남 홍성군 은하면 금국리 44-11 번지에서 로드킬이 발생하였습니다.,2022-05-21,10:33,충남 홍성군,126.57562711858277,36.56595840091119
551,로드킬,충남 예산군 고덕면 석곡리 593-1 번지에서 로드킬이 발생하였습니다.,2022-05-21,10:31,충남 예산군,126.72416364578056,36.740162160760526
550,로드킬,충남 홍성군 은하면 화봉리 877 번지에서 로드킬이 발생하였습니다.,2022-05-21,10:29,충남 홍성군,126.5868497865681,36.50852108488707
549,로드킬,충남 보령시 주포면 연지리 839 번지에서 로드킬이 발생하였습니다.,2022-05-21,10:21,충남 보령시,126.5549946672883,36.39828382989663
548,로드킬,충남 보령시 주포면 연지리 839 번지에서 로드킬이 발생하였습니다.,2022-05-21,10:09,충남 보령시,126.55524460727182,36.39964478126682
547,로드킬,충남 서천군 비인면 성산리 387-3 번지에서 로드킬이 발생하였습니다.,2022-05-21,10:01,충남 서천군,126.62452269551939,36.134261247261634
546,로드킬,충남 아산시 인주면 문방리 575-556 번지에서 로드킬이 발생하였습니다.,2022-05-21,09:24,충남 아산시,126.8649795932362,36.878425689402874
545,로드킬,충남 서산시 해미면 대곡리 642-4 번지에서 로드킬이 발생하였습니다.,2022-05-20,17:52,충남 서산시,126.57973475142298,36.681250096058996
544,로드킬,강원 인제군 기린면 현리 961-1 번지에서 로드킬이 발생하였습니다.,2022-05-20,13:44,강원 인제군,128.31575262625253,37.93512975140821
543,로드킬,경기 남양주시 진접읍 장현리 677-4 번지에서 로드킬이 발생하였습니다.,2022-05-20,08:13,경기 남양주시,127.18309169935539,37.7164962075461
542,로드킬,경기 남양주시 오남읍 오남리 778-1 번지에서 로드킬이 발생하였습니다.,2022-05-20,07:47,경기 남양주시,127.2011461605475,37.69347157012699
541,로드킬,서울 노원구 상계동 729 번지에서 로드킬이 발생하였습니다.,2022-05-20,06:52,서울 노원구,127.06041100166645,37.655223668933154
540,로드킬,경기 평택시 비전동 1011 번지에서 로드킬이 발생하였습니다.,2022-05-19,23:41,경기 평택시,127.10748038532073,37.00572015289655
539,로드킬,서울 중구 저동2가 3-5 번지에서 로드킬이 발생하였습니다.,2022-05-19,10:10,서울 중구,126.99003155791029,37.565288918088825
538,로드킬,서울 중구 저동2가 3-5 번지에서 로드킬이 발생하였습니다.,2022-05-19,10:09,서울 중구,126.99003155791029,37.565288918088825
537,로드킬,인천 미추홀구 관교동 16 번지에서 로드킬이 발생하였습니다.,2022-05-19,08:55,인천 미추홀구,126.70009110197077,37.44227093507814
536,로드킬,경북 구미시 임수동 375-5 번지에서 로드킬이 발생하였습니다.,2022-05-19,08:42,경북 구미시,128.40015949411978,36.11093473016976
535,로드킬,서울 동대문구 용두동 748 번지에서 로드킬이 발생하였습니다.,2022-05-18,16:23,서울 동대문구,127.02830512968994,37.58181537371217
534,로드킬,서울 서초구 원지동 340-2 번지에서 로드킬이 발생하였습니다.,2022-05-18,16:06,서울 서초구,127.05458418103461,37.44744333297268
533,로드킬,서울 중구 저동2가 76-14 번지에서 로드킬이 발생하였습니다.,2022-05-18,10:05,서울 중구,126.98980935498692,37.56537223724404
532,로드킬,대전 유성구 방동 415-6 번지에서 로드킬이 발생하였습니다.,2022-05-18,07:39,대전 유성구,127.28809444963014,36.266729170587546
531,로드킬,경기 남양주시 다산동 산 3049-6 번지에서 로드킬이 발생하였습니다.,2022-05-18,05:23,경기 남양주시,127.16937371934918,37.61611931266706
530,로드킬,경기 평택시 현덕면 인광리 159-43 번지에서 로드킬이 발생하였습니다.,2022-05-17,23:30,경기 평택시,126.93094290721166,36.97008242598533
529,로드킬,경기 안산시 단원구 대부북동 639-18 번지에서 로드킬이 발생하였습니다.,2022-05-17,22:05,경기 안산시 단원구,126.57324799202843,37.23934895604245
528,로드킬,대전 유성구 전민동 462-8 번지에서 로드킬이 발생하였습니다.,2022-05-17,16:15,대전 유성구,127.40480179908376,36.40215943118717
527,로드킬,경기 남양주시 별내동 326 번지에서 로드킬이 발생하였습니다.,2022-05-17,13:28,경기 남양주시,127.11609983979918,37.66114062752123
526,로드킬,강원 철원군 서면 자등리 420-8 번지에서 로드킬이 발생하였습니다.,2022-05-17,12:34,강원 철원군,127.42519269490337,38.197525183132846
525,로드킬,경기 남양주시 와부읍 도곡리 649 번지에서 로드킬이 발생하였습니다.,2022-05-16,15:20,경기 남양주시,127.23084106203652,37.577625127809206
524,로드킬,경기 남양주시 와부읍 도곡리 649-2 번지에서 로드킬이 발생하였습니다.,2022-05-16,15:20,경기 남양주시,127.23078551109042,37.57765290118677
523,로드킬,서울 중구 저동2가 76-14 번지에서 로드킬이 발생하였습니다.,2022-05-16,14:29,서울 중구,126.98983713005508,37.56537223774635
522,로드킬,충남 아산시 인주면 신성리 303 번지에서 로드킬이 발생하였습니다.,2022-05-16,10:15,충남 아산시,126.90108721957469,36.87812081053081
521,로드킬,서울 중구 저동2가 78 번지에서 로드킬이 발생하였습니다.,2022-05-16,09:46,서울 중구,126.98978158150408,37.56531668795934
520,로드킬,경북 구미시 고아읍 다식리 601 번지에서 로드킬이 발생하였습니다.,2022-05-16,08:32,경북 구미시,128.36410612648905,36.15448441488167
519,로드킬,충남 천안시 서북구 백석동 1141 번지에서 로드킬이 발생하였습니다.,2022-05-15,18:25,충남 천안시 서북구,127.119789480617,36.83560207237619
518,로드킬,전북 군산시 개정면 옥석리 163-47 번지에서 로드킬이 발생하였습니다.,2022-05-15,18:18,전북 군산시,126.78426245644653,35.94025949982577
517,로드킬,세종특별자치시 전동면 미곡리 390-3 번지에서 로드킬이 발생하였습니다.,2022-05-15,18:13,세종특별자치시 세종시,127.22081203029136,36.67242914305502
516,로드킬,경북 구미시 고아읍 다식리 499 번지에서 로드킬이 발생하였습니다.,2022-05-15,17:39,경북 구미시,128.36446708631087,36.15862281616913
515,로드킬,인천 남동구 구월동 1335-5 번지에서 로드킬이 발생하였습니다.,2022-05-14,23:49,인천 남동구,126.69609126837577,37.450269888886055
514,로드킬,경기 안양시 만안구 박달동 10-2 번지에서 로드킬이 발생하였습니다.,2022-05-14,22:28,경기 안양시 만안구,126.91021061402041,37.4028628251341
513,로드킬,경기 안양시 만안구 박달동 10-2 번지에서 로드킬이 발생하였습니다.,2022-05-14,22:28,경기 안양시 만안구,126.91021061402041,37.4028628251341
512,로드킬,ROADKILL,2022-05-14,22:24,,126.76038961881179,37.48340588475899
511,로드킬,충남 천안시 동남구 풍세면 남관리 712 번지에서 로드킬이 발생하였습니다.,2022-05-14,16:18,충남 천안시 동남구,127.12731884105592,36.75205674750837
510,로드킬,충남 예산군 광시면 노전리 산 50-7 번지에서 로드킬이 발생하였습니다.,2022-05-14,15:56,충남 예산군,126.76713715028693,36.53871502421779
509,로드킬,경기 광주시 초월읍 대쌍령리 산 17-5 번지에서 로드킬이 발생하였습니다.,2022-05-14,15:54,경기 광주시,127.29209074892259,37.38145567771687
508,로드킬,충남 아산시 영인면 신운리 543-9 번지에서 로드킬이 발생하였습니다.,2022-05-14,13:06,충남 아산시,126.94583315792194,36.86845610784568
507,로드킬,충남 아산시 영인면 아산리 297-7 번지에서 로드킬이 발생하였습니다.,2022-05-14,13:06,충남 아산시,126.94988842991468,36.86451221272267
506,로드킬,강원 춘천시 근화동 254-3 번지에서 로드킬이 발생하였습니다.,2022-05-14,11:55,강원 춘천시,127.71286871999142,37.873625752193234
505,로드킬,경기 화성시 기안동 132-1 번지에서 로드킬이 발생하였습니다.,2022-05-14,07:56,경기 화성시,126.98570815784475,37.22919085742554
504,로드킬,충남 아산시 영인면 신운리 195-3 번지에서 로드킬이 발생하였습니다.,2022-05-14,06:39,충남 아산시,126.94574982958856,36.86856720403162
503,로드킬,경기 하남시 학암동 676-5 번지에서 로드킬이 발생하였습니다.,2022-05-14,06:36,경기 하남시,127.14665779750935,37.47385845346237
502,로드킬,서울 강남구 수서동 720 번지에서 로드킬이 발생하였습니다.,2022-05-14,06:26,서울 강남구,127.10446698884975,37.49035567828947
501,로드킬,서울 강남구 수서동 357 번지에서 로드킬이 발생하였습니다.,2022-05-14,06:25,서울 강남구,127.09818976523061,37.49235532083569
500,로드킬,충북 충주시 중앙탑면 하구암리 산 10-42 번지에서 로드킬이 발생하였습니다.,2022-05-14,00:00,충북 충주시,127.82829915735115,37.0245088130161
499,로드킬,충북 청주시 청원구 사천동 29-13 번지에서 로드킬이 발생하였습니다.,2022-05-13,17:54,충북 청주시 청원구,127.4780928483255,36.6721282577847
498,로드킬,충북 청주시 서원구 남이면 외천리 107 번지에서 로드킬이 발생하였습니다.,2022-05-13,17:45,충북 청주시 서원구,127.43146164533155,36.55678019926959
497,로드킬,충남 부여군 규암면 내리 749-7 번지에서 로드킬이 발생하였습니다.,2022-05-13,17:01,충남 부여군,126.8626352408085,36.2664717043233
496,로드킬,충남 부여군 규암면 내리 748-8 번지에서 로드킬이 발생하였습니다.,2022-05-13,16:44,충남 부여군,126.86241303104929,36.2668049937049
495,로드킬,충북 음성군 감곡면 문촌리 188 번지에서 로드킬이 발생하였습니다.,2022-05-13,16:24,충북 음성군,127.70894708456403,37.11007958703058
494,로드킬,서울 마포구 합정동 72-5 번지에서 로드킬이 발생하였습니다.,2022-05-13,11:29,서울 마포구,126.91584498105999,37.543179163656106
493,로드킬,서울 마포구 합정동 72-5 번지에서 로드킬이 발생하였습니다.,2022-05-13,11:29,서울 마포구,126.91698376593604,37.542929214650215
492,로드킬,서울 마포구 당인동 312-1 번지에서 로드킬이 발생하였습니다.,2022-05-13,11:28,서울 마포구,126.91737261925091,37.54284589848187
491,로드킬,서울 중구 저동2가 89-1 번지에서 로드킬이 발생하였습니다.,2022-05-13,09:48,서울 중구,126.98917053079698,37.56528890251775
490,로드킬,서울 강남구 대치동 317-1 번지에서 로드킬이 발생하였습니다.,2022-05-13,09:15,서울 강남구,127.06213761104168,37.49621530809291
489,로드킬,충북 괴산군 연풍면 원풍리 산 21-3 번지에서 로드킬이 발생하였습니다.,2022-05-13,07:20,충북 괴산군,128.01912110125753,36.78326368732958
488,로드킬,충남 아산시 영인면 아산리 299-1 번지에서 로드킬이 발생하였습니다.,2022-05-13,07:10,충남 아산시,126.94913848790043,36.86503991331761
487,로드킬,충남 아산시 도고면 시전리 313-6 번지에서 로드킬이 발생하였습니다.,2022-05-13,06:55,충남 아산시,126.89761872524195,36.75424684500249
486,로드킬,충남 아산시 도고면 효자리 193-6 번지에서 로드킬이 발생하였습니다.,2022-05-13,06:53,충남 아산시,126.86170579379016,36.744469614823
485,로드킬,경기 오산시 금암동 산 37 번지에서 로드킬이 발생하였습니다.,2022-05-13,05:20,경기 오산시,127.0374545890118,37.17736474710248
484,로드킬,충남 예산군 응봉면 지석리 112-2 번지에서 로드킬이 발생하였습니다.,2022-05-12,23:25,충남 예산군,126.75480204123002,36.64889595124988
483,로드킬,세종특별자치시 조치원읍 서창리 203-12 번지에서 로드킬이 발생하였습니다.,2022-05-12,18:54,세종특별자치시 세종시,127.29041806363271,36.61377079738556
482,로드킬,서울 중구 저동2가 78 번지에서 로드킬이 발생하였습니다.,2022-05-12,17:55,서울 중구,126.98975380722852,37.56528891306583
481,로드킬,서울 중구 저동2가 78 번지에서 로드킬이 발생하였습니다.,2022-05-12,17:55,서울 중구,126.98975380722852,37.56528891306583
480,로드킬,경기 부천시 중동 1225 번지에서 로드킬이 발생하였습니다.,2022-05-12,13:39,경기 부천시,126.76086091779969,37.51456875996579
479,로드킬,경기 용인시 기흥구 청덕동 413-7 번지에서 로드킬이 발생하였습니다.,2022-05-12,13:20,경기 용인시 기흥구,127.1429412092014,37.28874201166615
478,로드킬,경기 광주시 오포읍 문형리 224-3 번지에서 로드킬이 발생하였습니다.,2022-05-11,13:25,경기 광주시,127.20915534511269,37.3469861345129
477,로드킬,서울 송파구 풍납동 193-2 번지에서 로드킬이 발생하였습니다.,2022-05-11,11:00,서울 송파구,127.11354810118677,37.53704460031956
476,로드킬,대전 유성구 방동 산 19-7 번지에서 로드킬이 발생하였습니다.,2022-05-11,08:37,대전 유성구,127.31395256876874,36.28575512438577
475,로드킬,충남 홍성군 금마면 화양리 786-11 번지에서 로드킬이 발생하였습니다.,2022-05-11,08:33,충남 홍성군,126.71950017076371,36.638618797035136
474,로드킬,울산 북구 호계동 325 번지에서 로드킬이 발생하였습니다.,2022-05-11,08:23,울산 북구,129.35869406607992,35.62887121483472
473,로드킬,경기 용인시 처인구 모현읍 능원리 196-3 번지에서 로드킬이 발생하였습니다.,2022-05-11,07:19,경기 용인시 처인구,127.17635319181902,37.339403127137956
472,로드킬,서울 강남구 개포동 647-9 번지에서 로드킬이 발생하였습니다.,2022-05-10,18:08,서울 강남구,127.05822191435375,37.47557886174155
471,로드킬,서울 강남구 개포동 647-9 번지에서 로드킬이 발생하였습니다.,2022-05-10,18:08,서울 강남구,127.05822191435375,37.47557886174155
470,로드킬,경기 남양주시 화도읍 차산리 산 51-12 번지에서 로드킬이 발생하였습니다.,2022-05-10,12:21,경기 남양주시,127.31349811779933,37.63142564244791
469,로드킬,전북 김제시 백구면 마산리 234-8 번지에서 로드킬이 발생하였습니다.,2022-05-10,08:59,전북 김제시,126.98893878980064,35.88501966012557
468,로드킬,경남 창원시 의창구 도계동 425 번지에서 로드킬이 발생하였습니다.,2022-05-09,17:47,경남 창원시 의창구,128.63296681345795,35.258845758873974
467,로드킬,충남 서천군 판교면 복대리 574 번지에서 로드킬이 발생하였습니다.,2022-05-09,16:53,충남 서천군,126.69515353218856,36.182784411788745
466,로드킬,충남 서천군 판교면 흥림리 667-9 번지에서 로드킬이 발생하였습니다.,2022-05-09,16:49,충남 서천군,126.6836559540257,36.13256802504405
465,로드킬,서울 중구 저동2가 76-14 번지에서 로드킬이 발생하였습니다.,2022-05-09,11:47,서울 중구,126.98980935736488,37.56528891407042
464,로드킬,충북 청주시 청원구 사천동 623-15 번지에서 로드킬이 발생하였습니다.,2022-05-09,09:28,충북 청주시 청원구,127.46584415174696,36.667600803894715
463,로드킬,울산 남구 옥동 65-6 번지에서 로드킬이 발생하였습니다.,2022-05-09,08:38,울산 남구,129.29289774005488,35.5213271151722
462,로드킬,충남 홍성군 홍북읍 석택리 454 번지에서 로드킬이 발생하였습니다.,2022-05-09,08:36,충남 홍성군,126.70458447847396,36.65592200127154
461,로드킬,충남 홍성군 홍성읍 송월리 438 번지에서 로드킬이 발생하였습니다.,2022-05-09,08:24,충남 홍성군,126.68100571573012,36.570487463877775
460,로드킬,인천 서구 백석동 산 26-15 번지에서 로드킬이 발생하였습니다.,2022-05-09,07:45,인천 서구,126.67639500319284,37.58364215679496
459,로드킬,경기 수원시 권선구 구운동 773 번지에서 로드킬이 발생하였습니다.,2022-05-09,07:30,경기 수원시 권선구,126.96759719915846,37.28640580132823
458,로드킬,경북 예천군 용궁면 무지리 282-3 번지에서 로드킬이 발생하였습니다.,2022-05-09,05:27,경북 예천군,128.30798729549008,36.611678608825535
457,로드킬,충남 공주시 사곡면 부곡리 110-2 번지에서 로드킬이 발생하였습니다.,2022-05-08,23:50,충남 공주시,127.01972266857844,36.58526940887825
456,로드킬,경북 구미시 고아읍 송림리 546-2 번지에서 로드킬이 발생하였습니다.,2022-05-08,20:53,경북 구미시,128.36271710621494,36.163788833185684
455,로드킬,충남 예산군 오가면 역탑리 81-1 번지에서 로드킬이 발생하였습니다.,2022-05-08,19:09,충남 예산군,126.7993801849185,36.68167055152801
454,로드킬,충북 진천군 이월면 사곡리 475-34 번지에서 로드킬이 발생하였습니다.,2022-05-08,12:55,충북 진천군,127.4385628772825,36.886046168153655
453,로드킬,경기 화성시 매송면 야목리 1001-2 번지에서 로드킬이 발생하였습니다.,2022-05-08,11:40,경기 화성시,126.89624390018506,37.255186095712745
452,로드킬,경북 문경시 공평동 산 146-1 번지에서 로드킬이 발생하였습니다.,2022-05-08,10:47,경북 문경시,128.15864053028133,36.60887059836875
451,로드킬,ROADKILL,2022-05-08,09:23,,128.35039378800997,34.82522504347532
450,로드킬,경북 문경시 문경읍 각서리 580 번지에서 로드킬이 발생하였습니다.,2022-05-08,05:52,경북 문경시,128.04198093350294,36.75151793557288
449,로드킬,경기 가평군 설악면 신천리 산 33-5 번지에서 로드킬이 발생하였습니다.,2022-05-08,04:56,경기 가평군,127.49614586488467,37.67014651814674
448,로드킬,서울 광진구 구의동 251-38 번지에서 로드킬이 발생하였습니다.,2022-05-07,22:17,서울 광진구,127.08355091620685,37.54082137297088
447,로드킬,충북 괴산군 연풍면 원풍리 778-1 번지에서 로드킬이 발생하였습니다.,2022-05-07,22:01,충북 괴산군,128.01176088335674,36.77673655888232
446,로드킬,충남 예산군 오가면 월곡리 512 번지에서 로드킬이 발생하였습니다.,2022-05-07,16:32,충남 예산군,126.78018789186319,36.67064376902902
445,로드킬,인천 남동구 간석동 541 번지에서 로드킬이 발생하였습니다.,2022-05-07,14:01,인천 남동구,126.7008960383629,37.46157415193755
444,로드킬,충북 충주시 살미면 세성리 491-2 번지에서 로드킬이 발생하였습니다.,2022-05-07,09:34,충북 충주시,127.95376269813909,36.90708087882703
443,로드킬,경기 화성시 서신면 전곡리 산 202-3 번지에서 로드킬이 발생하였습니다.,2022-05-07,09:28,경기 화성시,126.67471169319722,37.19021783232517
442,로드킬,충남 보령시 주교면 주교리 185-10 번지에서 로드킬이 발생하였습니다.,2022-05-07,07:47,충남 보령시,126.5729654420453,36.387535435636615
441,로드킬,충남 보령시 주포면 봉당리 97-1 번지에서 로드킬이 발생하였습니다.,2022-05-07,07:44,충남 보령시,126.57851985395429,36.41056053401951
440,로드킬,충남 보령시 오천면 갈현리 832-18 번지에서 로드킬이 발생하였습니다.,2022-05-07,07:40,충남 보령시,126.56363188039694,36.43019679818423
439,로드킬,경북 안동시 일직면 조탑리 176-3 번지에서 로드킬이 발생하였습니다.,2022-05-06,12:19,경북 안동시,128.635432108301,36.48089491375867
438,로드킬,세종특별자치시 전동면 심중리 502-4 번지에서 로드킬이 발생하였습니다.,2022-05-06,11:42,세종특별자치시 세종시,127.27561313048396,36.64279481057671
437,로드킬,경북 포항시 북구 흥해읍 덕장리 982 번지에서 로드킬이 발생하였습니다.,2022-05-06,09:26,경북 포항시 북구,129.34929120485697,36.139754876047334
436,로드킬,경북 구미시 고아읍 송림리 581-1 번지에서 로드킬이 발생하였습니다.,2022-05-06,08:52,경북 구미시,128.3633559635587,36.16276119005092
435,로드킬,대구 동구 신서동 757 번지에서 로드킬이 발생하였습니다.,2022-05-06,08:12,대구 동구,128.72385797910928,35.86821969209576
434,로드킬,충남 아산시 도고면 시전리 45-4 번지에서 로드킬이 발생하였습니다.,2022-05-05,19:49,충남 아산시,126.90131276362958,36.75605224762692
433,로드킬,전남 순천시 석현동 843-6 번지에서 로드킬이 발생하였습니다.,2022-05-05,18:03,전남 순천시,127.48855410264261,34.969887181084395
432,로드킬,충남 예산군 신양면 신양리 687 번지에서 로드킬이 발생하였습니다.,2022-05-05,16:53,충남 예산군,126.8820965556866,36.603070386745195
431,로드킬,충남 공주시 월미동 214-5 번지에서 로드킬이 발생하였습니다.,2022-05-05,16:15,충남 공주시,127.11085528902787,36.493476532156585
430,로드킬,전북 군산시 성산면 산곡리 산 6-17 번지에서 로드킬이 발생하였습니다.,2022-05-05,16:10,전북 군산시,126.81117544744195,35.98239380393708
429,로드킬,부산 기장군 장안읍 길천리 454-5 번지에서 로드킬이 발생하였습니다.,2022-05-05,15:15,부산 기장군,129.27362693499808,35.33884828531573
428,로드킬,충남 아산시 염치읍 중방리 119-1 번지에서 로드킬이 발생하였습니다.,2022-05-05,11:49,충남 아산시,126.95227831165828,36.81998986378178
427,로드킬,경북 구미시 고아읍 송림리 581-1 번지에서 로드킬이 발생하였습니다.,2022-05-05,08:46,경북 구미시,128.36330040856,36.162927835777374
426,로드킬,경북 경주시 성건동 613-5 번지에서 로드킬이 발생하였습니다.,2022-05-05,07:25,경북 경주시,129.2039519486545,35.85897988382692
425,로드킬,충남 천안시 동남구 풍세면 풍서리 148-1 번지에서 로드킬이 발생하였습니다.,2022-05-05,01:00,충남 천안시 동남구,127.1362910544427,36.721005102156816
424,로드킬,충남 서천군 판교면 수성리 3-14 번지에서 로드킬이 발생하였습니다.,2022-05-04,08:41,충남 서천군,126.677961489339,36.1541764417771
423,로드킬,충남 홍성군 금마면 신곡리 314-14 번지에서 로드킬이 발생하였습니다.,2022-05-03,08:34,충남 홍성군,126.70291919028652,36.6106496633403
422,로드킬,경기 안성시 공도읍 승두리 780-2 번지에서 로드킬이 발생하였습니다.,2022-05-03,07:07,경기 안성시,127.15244854521914,36.99541665338908
421,로드킬,경기 용인시 처인구 모현읍 오산리 170-8 번지에서 로드킬이 발생하였습니다.,2022-05-03,04:06,경기 용인시 처인구,127.15788301426319,37.330598306813194
420,로드킬,충남 아산시 배방읍 구령리 1244 번지에서 로드킬이 발생하였습니다.,2022-05-02,08:31,충남 아산시,127.03746527782991,36.79274467276954
419,로드킬,경기 오산시 원동 76-2 번지에서 로드킬이 발생하였습니다.,2022-05-02,08:14,경기 오산시,127.0838399082917,37.1442584878868
418,로드킬,ROADKILL,2022-05-01,17:26,,126.67953426371211,36.547018049003896
417,로드킬,경남 양산시 하북면 답곡리 690-2 번지에서 로드킬이 발생하였습니다.,2022-05-01,17:19,경남 양산시,129.08811258181439,35.47743953079059
416,로드킬,경북 영천시 화산면 삼부리 산 6-8 번지에서 로드킬이 발생하였습니다.,2022-05-01,15:39,경북 영천시,128.8775616141963,36.01173329583089
415,로드킬,충남 홍성군 홍동면 홍원리 980-1 번지에서 로드킬이 발생하였습니다.,2022-05-01,15:34,충남 홍성군,126.67906212715275,36.5455182217993
414,로드킬,충북 음성군 감곡면 문촌리 1100-20 번지에서 로드킬이 발생하였습니다.,2022-05-01,14:36,충북 음성군,127.71372432049968,37.112884891400384
413,로드킬,충북 충주시 엄정면 율능리 산 42-4 번지에서 로드킬이 발생하였습니다.,2022-05-01,14:15,충북 충주시,127.89890219686099,37.06847703283175
412,로드킬,충남 당진시 석문면 삼봉리 246-54 번지에서 로드킬이 발생하였습니다.,2022-05-01,13:25,충남 당진시,126.55070119981656,36.99929439628027
411,로드킬,충북 충주시 엄정면 율능리 산 88-2 번지에서 로드킬이 발생하였습니다.,2022-05-01,13:07,충북 충주시,127.92431632403476,37.07164379027803
410,로드킬,충북 충주시 중앙탑면 가흥리 526-4 번지에서 로드킬이 발생하였습니다.,2022-05-01,13:01,충북 충주시,127.84487942880452,37.07519743750271
409,로드킬,충남 아산시 둔포면 둔포리 178-1 번지에서 로드킬이 발생하였습니다.,2022-05-01,11:29,충남 아산시,127.04634946745068,36.93175579269023
408,로드킬,경기 평택시 서탄면 적봉리 584 번지에서 로드킬이 발생하였습니다.,2022-04-29,23:23,경기 평택시,127.03540142354787,37.09912420426444
407,로드킬,전북 익산시 오산면 영만리 948-34 번지에서 로드킬이 발생하였습니다.,2022-04-29,19:06,전북 익산시,126.90958331428527,35.95906497127352
406,로드킬,서울 중구 저동2가 3-1 번지에서 로드킬이 발생하였습니다.,2022-04-29,17:20,서울 중구,126.99000378284212,37.56528891758653
405,로드킬,경기 파주시 탄현면 낙하리 산 59-1 번지에서 로드킬이 발생하였습니다.,2022-04-29,16:36,경기 파주시,126.72932705377649,37.83777870600794
404,로드킬,서울 중구 저동2가 5 번지에서 로드킬이 발생하였습니다.,2022-04-29,16:23,서울 중구,126.99025375449243,37.565427794063304
403,로드킬,경기 파주시 탄현면 오금리 464-28 번지에서 로드킬이 발생하였습니다.,2022-04-29,14:38,경기 파주시,126.70541299765542,37.8285016339787
402,로드킬,경북 안동시 태화동 294-1 번지에서 로드킬이 발생하였습니다.,2022-04-28,23:20,경북 안동시,128.7165331389814,36.562025624298656
401,로드킬,서울 강서구 화곡동 1089-55 번지에서 로드킬이 발생하였습니다.,2022-04-28,22:26,서울 강서구,126.8419078180339,37.54087255958044
400,로드킬,충남 홍성군 홍북읍 봉신리 290 번지에서 로드킬이 발생하였습니다.,2022-04-28,18:37,충남 홍성군,126.66353374508371,36.62400847360236
399,로드킬,충남 아산시 신창면 궁화리 718-2 번지에서 로드킬이 발생하였습니다.,2022-04-28,16:18,충남 아산시,126.90931064582028,36.80524088583562
398,로드킬,충남 당진시 합덕읍 소소리 185-8 번지에서 로드킬이 발생하였습니다.,2022-04-28,10:05,충남 당진시,126.75338111715946,36.8111263108565
397,로드킬,충남 공주시 신관동 276-9 번지에서 로드킬이 발생하였습니다.,2022-04-27,23:32,충남 공주시,127.14407484455968,36.47417389087268
396,로드킬,충남 공주시 신관동 276-9 번지에서 로드킬이 발생하였습니다.,2022-04-27,23:31,충남 공주시,127.14407485060956,36.473951695403734
395,로드킬,경남 진주시 정촌면 예하리 1142-2 번지에서 로드킬이 발생하였습니다.,2022-04-27,19:17,경남 진주시,128.0908551567206,35.1030487528436
394,로드킬,서울 중구 저동2가 77-4 번지에서 로드킬이 발생하였습니다.,2022-04-27,16:37,서울 중구,126.98978158071142,37.56534446235053
393,로드킬,울산 북구 매곡동 633-4 번지에서 로드킬이 발생하였습니다.,2022-04-27,10:46,울산 북구,129.35716608263468,35.64100863894332
392,로드킬,울산 북구 매곡동 633-4 번지에서 로드킬이 발생하였습니다.,2022-04-27,10:46,울산 북구,129.35727717935936,35.641147513533134
391,로드킬,서울 중구 저동2가 76-14 번지에서 로드킬이 발생하였습니다.,2022-04-27,10:37,서울 중구,126.98983713164039,37.56531668896393
390,로드킬,충북 청주시 청원구 사천동 180-10 번지에서 로드킬이 발생하였습니다.,2022-04-27,09:24,충북 청주시 청원구,127.47181573888471,36.66979509198098
389,로드킬,충남 천안시 동남구 목천읍 삼성리 63-5 번지에서 로드킬이 발생하였습니다.,2022-04-27,09:19,충남 천안시 동남구,127.17100904940423,36.75291853584064
388,로드킬,충남 홍성군 금마면 죽림리 132-1 번지에서 로드킬이 발생하였습니다.,2022-04-27,08:29,충남 홍성군,126.71119592952525,36.61956539778816
387,로드킬,경기 남양주시 진접읍 내곡리 539-3 번지에서 로드킬이 발생하였습니다.,2022-04-27,08:07,경기 남양주시,127.15473470083154,37.670056911376044
386,로드킬,경북 김천시 율곡동 928 번지에서 로드킬이 발생하였습니다.,2022-04-26,22:26,경북 김천시,128.18106879173894,36.124373510811594
385,로드킬,제주특별자치도 제주시 노형동 765 번지에서 로드킬이 발생하였습니다.,2022-04-26,19:17,제주특별자치도 제주시,126.47857361049773,33.47626778876625
384,로드킬,제주특별자치도 제주시 노형동 765 번지에서 로드킬이 발생하였습니다.,2022-04-26,19:15,제주특별자치도 제주시,126.4789346867496,33.47632334362566
383,로드킬,충남 서산시 수석동 785-35 번지에서 로드킬이 발생하였습니다.,2022-04-26,14:26,충남 서산시,126.48557505416852,36.76118323394521
382,로드킬,충남 아산시 염치읍 석정리 39-4 번지에서 로드킬이 발생하였습니다.,2022-04-26,13:39,충남 아산시,127.00799574343867,36.79846567887835
381,로드킬,경북 구미시 고아읍 송림리 533-4 번지에서 로드킬이 발생하였습니다.,2022-04-26,13:05,경북 구미시,128.36149495752716,36.16528863128671
380,로드킬,충남 홍성군 금마면 죽림리 132-1 번지에서 로드킬이 발생하였습니다.,2022-04-25,08:34,충남 홍성군,126.71077931128866,36.61925987185418
379,로드킬,충남 홍성군 금마면 가산리 473-4 번지에서 로드킬이 발생하였습니다.,2022-04-25,08:31,충남 홍성군,126.73538783481109,36.62714823825741
378,로드킬,충남 당진시 신평면 운정리 901 번지에서 로드킬이 발생하였습니다.,2022-04-24,23:03,충남 당진시,126.82870506011632,36.88811831852864
377,로드킬,충남 서산시 음암면 문양리 153-14 번지에서 로드킬이 발생하였습니다.,2022-04-24,17:49,충남 서산시,126.51904228633612,36.8262592681043
376,로드킬,충남 서산시 음암면 도당리 115-24 번지에서 로드킬이 발생하였습니다.,2022-04-24,17:49,충남 서산시,126.52726385170386,36.82106559585579
375,로드킬,경북 구미시 시미동 173 번지에서 로드킬이 발생하였습니다.,2022-04-23,20:02,경북 구미시,128.41060354976725,36.08965968593289
374,로드킬,ROADKILL,2022-04-23,19:02,,127.32919095342031,37.63417559583579
373,로드킬,ROADKILL,2022-04-23,18:19,,126.68637701437204,36.16689728064714
372,로드킬,충남 홍성군 서부면 궁리 422-7 번지에서 로드킬이 발생하였습니다.,2022-04-23,16:53,충남 홍성군,126.46499856601199,36.57909378930251
371,로드킬,경남 창원시 마산합포구 구산면 석곡리 782 번지에서 로드킬이 발생하였습니다.,2022-04-23,14:33,경남 창원시 마산합포구,128.56044980260134,35.112611682315766
370,로드킬,경남 창원시 마산합포구 구산면 석곡리 산 63 번지에서 로드킬이 발생하였습니다.,2022-04-23,14:33,경남 창원시 마산합포구,128.56025537859574,35.112528355251115
369,로드킬,충북 청주시 청원구 오창읍 두릉리 649-7 번지에서 로드킬이 발생하였습니다.,2022-04-23,11:13,충북 청주시 청원구,127.34343729295993,36.73814563962075
368,로드킬,경기 구리시 토평동 48-99 번지에서 로드킬이 발생하였습니다.,2022-04-23,09:06,경기 구리시,127.15651480384086,37.58342861881233
367,로드킬,경남 창원시 마산합포구 구산면 석곡리 산 64-1 번지에서 로드킬이 발생하였습니다.,2022-04-23,09:01,경남 창원시 마산합포구,128.56061644917008,35.112778332381716
366,로드킬,경남 창원시 마산합포구 구산면 석곡리 산 64-1 번지에서 로드킬이 발생하였습니다.,2022-04-23,09:01,경남 창원시 마산합포구,128.56069977395882,35.112806108408556
365,로드킬,경기 이천시 부발읍 송온리 279-7 번지에서 로드킬이 발생하였습니다.,2022-04-22,23:36,경기 이천시,127.52407198824541,37.25155903599251
364,로드킬,경북 경주시 구정동 452-2 번지에서 로드킬이 발생하였습니다.,2022-04-22,22:52,경북 경주시,129.2982787569813,35.77829681272566
363,로드킬,충북 괴산군 소수면 수리 산 43-1 번지에서 로드킬이 발생하였습니다.,2022-04-22,22:35,충북 괴산군,127.74136788948174,36.8567219141049
362,로드킬,경북 경주시 도지동 985-1 번지에서 로드킬이 발생하였습니다.,2022-04-22,22:01,경북 경주시,129.26716998374945,35.79840494461483
361,로드킬,경북 경주시 도지동 993 번지에서 로드킬이 발생하였습니다.,2022-04-22,22:00,경북 경주시,129.2684476841165,35.79693292135696
360,로드킬,충북 괴산군 괴산읍 검승리 121-10 번지에서 로드킬이 발생하였습니다.,2022-04-22,20:13,충북 괴산군,127.84158154029524,36.819617126557795
359,로드킬,경북 문경시 흥덕동 562-5 번지에서 로드킬이 발생하였습니다.,2022-04-22,18:35,경북 문경시,128.20471940329875,36.61087121758398
358,로드킬,서울 중구 저동2가 77-4 번지에서 로드킬이 발생하였습니다.,2022-04-21,15:39,서울 중구,126.98978158071142,37.56534446235053
357,로드킬,세종특별자치시 금남면 영곡리 537-4 번지에서 로드킬이 발생하였습니다.,2022-04-20,17:09,세종특별자치시 세종시,127.25575924333411,36.44931775983797
356,로드킬,경기 남양주시 진건읍 신월리 240 번지에서 로드킬이 발생하였습니다.,2022-04-19,18:13,경기 남양주시,127.1645113719601,37.67533422393258
355,로드킬,세종특별자치시 조치원읍 신안리 238 번지에서 로드킬이 발생하였습니다.,2022-04-19,14:33,세종특별자치시 세종시,127.28650118922052,36.634934842500854
354,로드킬,경북 영주시 가흥동 2025 번지에서 로드킬이 발생하였습니다.,2022-04-19,12:39,경북 영주시,128.60986920643379,36.81479880186234
353,로드킬,경북 영주시 가흥동 2025 번지에서 로드킬이 발생하였습니다.,2022-04-19,12:39,경북 영주시,128.60892484972769,36.81488210715358
352,로드킬,경기 군포시 둔대동 산 81-43 번지에서 로드킬이 발생하였습니다.,2022-04-19,09:00,경기 군포시,126.88454847802684,37.33064893162075
351,로드킬,경기 남양주시 진건읍 신월리 240 번지에서 로드킬이 발생하였습니다.,2022-04-18,18:55,경기 남양주시,127.16448359849942,37.67527867464672
350,로드킬,경기 평택시 팽성읍 노양리 산 16-11 번지에서 로드킬이 발생하였습니다.,2022-04-18,12:26,경기 평택시,126.99332667216268,36.937031985024134
349,로드킬,경기 평택시 고덕동 산 287 번지에서 로드킬이 발생하였습니다.,2022-04-17,18:27,경기 평택시,127.04342954417231,37.05899032608306
348,로드킬,충남 서산시 잠홍동 744-1 번지에서 로드킬이 발생하였습니다.,2022-04-17,15:37,충남 서산시,126.4708814896818,36.78145830197944
347,로드킬,충남 태안군 원북면 반계리 1080 번지에서 로드킬이 발생하였습니다.,2022-04-17,14:26,충남 태안군,126.26084506746855,36.8277268467068
346,로드킬,충남 태안군 이원면 포지리 635-3 번지에서 로드킬이 발생하였습니다.,2022-04-17,14:20,충남 태안군,126.27173189267116,36.865528005606734
345,로드킬,경기 남양주시 화도읍 묵현리 469-2 번지에서 로드킬이 발생하였습니다.,2022-04-17,10:38,경기 남양주시,127.27663983386988,37.6577550888011
344,로드킬,경기 남양주시 화도읍 묵현리 469-2 번지에서 로드킬이 발생하였습니다.,2022-04-17,10:38,경기 남양주시,127.27666760893993,37.657755089311046
343,로드킬,경기 남양주시 화도읍 묵현리 469-2 번지에서 로드킬이 발생하였습니다.,2022-04-17,10:38,경기 남양주시,127.27663983386988,37.6577550888011
342,로드킬,충남 태안군 이원면 포지리 640-4 번지에서 로드킬이 발생하였습니다.,2022-04-17,09:00,충남 태안군,126.27114859673028,36.86625013020238
341,로드킬,경북 구미시 양호동 692-1 번지에서 로드킬이 발생하였습니다.,2022-04-17,07:53,경북 구미시,128.38229946484134,36.13257070369049
340,로드킬,충북 제천시 장락동 694-13 번지에서 로드킬이 발생하였습니다.,2022-04-13,10:16,충북 제천시,128.22411866343072,37.14469614753626
339,로드킬,충북 청주시 상당구 용담동 산 55-4 번지에서 로드킬이 발생하였습니다.,2022-04-13,09:16,충북 청주시 상당구,127.50997954451724,36.64093814973513
338,로드킬,경기 남양주시 화도읍 창현리 산 49-15 번지에서 로드킬이 발생하였습니다.,2022-04-12,21:18,경기 남양주시,127.31058156661113,37.637230436846636
337,로드킬,충남 부여군 규암면 반산리 168-9 번지에서 로드킬이 발생하였습니다.,2022-04-12,16:56,충남 부여군,126.87518920811542,36.28085908238149
336,로드킬,울산 남구 선암동 681-15 번지에서 로드킬이 발생하였습니다.,2022-04-12,08:56,울산 남구,129.3108405864068,35.518550007261624
335,로드킬,충남 홍성군 홍북읍 신경리 1909 번지에서 로드킬이 발생하였습니다.,2022-04-12,08:49,충남 홍성군,126.67808702207323,36.65650480121242
334,로드킬,경기 광주시 도척면 궁평리 77-11 번지에서 로드킬이 발생하였습니다.,2022-04-11,17:01,경기 광주시,127.32969938899416,37.34029470025362
333,로드킬,경북 경주시 외동읍 석계리 1929 번지에서 로드킬이 발생하였습니다.,2022-04-11,14:08,경북 경주시,129.3006706016997,35.667809942685096
332,로드킬,경기 화성시 팔탄면 구장리 산 152-4 번지에서 로드킬이 발생하였습니다.,2022-04-10,15:33,경기 화성시,126.8912190620195,37.167391117477536
331,로드킬,충남 천안시 동남구 성남면 용원리 208-3 번지에서 로드킬이 발생하였습니다.,2022-04-10,13:48,충남 천안시 동남구,127.22269868189316,36.746781314356014
330,로드킬,전북 김제시 금구면 서도리 514-3 번지에서 로드킬이 발생하였습니다.,2022-04-09,14:36,전북 김제시,126.99807987889321,35.76772828899859
329,로드킬,경기 평택시 청북읍 후사리 229-1 번지에서 로드킬이 발생하였습니다.,2022-04-08,19:00,경기 평택시,126.93749608483334,37.033047133424
328,로드킬,전북 군산시 성산면 산곡리 산 6-22 번지에서 로드킬이 발생하였습니다.,2022-04-07,18:14,전북 군산시,126.81275862420347,35.98258825245107
327,로드킬,서울 마포구 합정동 72-5 번지에서 로드킬이 발생하였습니다.,2022-04-07,17:44,서울 마포구,126.91326188083487,37.54384570251364
326,로드킬,경기 화성시 매송면 천천리 129-10 번지에서 로드킬이 발생하였습니다.,2022-04-06,18:38,경기 화성시,126.94987783153628,37.246077051949754
325,로드킬,경북 영천시 금호읍 원제리 80 번지에서 로드킬이 발생하였습니다.,2022-04-06,13:16,경북 영천시,128.89895027238288,35.949407782324
324,로드킬,경기 구리시 사노동 574-5 번지에서 로드킬이 발생하였습니다.,2022-04-06,09:03,경기 구리시,127.13684870827078,37.63017256113071
323,로드킬,경기 남양주시 진건읍 신월리 532-5 번지에서 로드킬이 발생하였습니다.,2022-04-06,08:57,경기 남양주시,127.15506824483495,37.661641277478566
322,로드킬,경기 남양주시 진접읍 연평리 710-4 번지에서 로드킬이 발생하였습니다.,2022-04-06,08:54,경기 남양주시,127.16639967951967,37.68905480657384
321,로드킬,인천 계양구 상야동 410-10 번지에서 로드킬이 발생하였습니다.,2022-04-06,08:32,인천 계양구,126.76188689485483,37.574839203323094
320,로드킬,서울 중구 저동2가 76-14 번지에서 로드킬이 발생하였습니다.,2022-04-05,15:22,서울 중구,126.98983713164039,37.56531668896393
319,로드킬,경북 상주시 내서면 서원리 165-1 번지에서 로드킬이 발생하였습니다.,2022-04-05,14:29,경북 상주시,128.01646456954037,36.43652754415674
318,로드킬,경기 남양주시 진접읍 내각리 433-4 번지에서 로드킬이 발생하였습니다.,2022-04-05,09:03,경기 남양주시,127.1659828259554,37.696914950908265
317,로드킬,부산 금정구 회동동 산 60-12 번지에서 로드킬이 발생하였습니다.,2022-04-04,10:16,부산 금정구,129.11625567371692,35.2337465936275
316,로드킬,충남 홍성군 금마면 죽림리 637-25 번지에서 로드킬이 발생하였습니다.,2022-04-04,08:25,충남 홍성군,126.70416903606764,36.611899534218786
315,로드킬,전북 군산시 서수면 서수리 1878-1 번지에서 로드킬이 발생하였습니다.,2022-04-03,12:52,전북 군산시,126.88527949604239,35.98139520723499
314,로드킬,충남 서천군 마서면 송내리 34-3 번지에서 로드킬이 발생하였습니다.,2022-04-03,12:32,충남 서천군,126.7244604026951,36.025387151014165
313,로드킬,부산 수영구 망미동 15-3 번지에서 로드킬이 발생하였습니다.,2022-04-02,19:23,부산 수영구,129.1153960775459,35.18222486818557
312,로드킬,충남 아산시 음봉면 원남리 317-15 번지에서 로드킬이 발생하였습니다.,2022-04-02,14:15,충남 아산시,127.02632569541653,36.85693115697569
311,로드킬,충남 아산시 탕정면 용두리 산 1-2 번지에서 로드킬이 발생하였습니다.,2022-04-02,12:49,충남 아산시,127.04793526480896,36.83715615636284
310,로드킬,경북 구미시 고아읍 봉한리 산 23-4 번지에서 로드킬이 발생하였습니다.,2022-04-01,08:32,경북 구미시,128.3540786771558,36.17650937501835
309,로드킬,경기 화성시 정남면 문학리 471-1 번지에서 로드킬이 발생하였습니다.,2022-04-01,05:21,경기 화성시,126.96593437387156,37.15511616538284
308,로드킬,충남 당진시 송악읍 부곡리 143-2 번지에서 로드킬이 발생하였습니다.,2022-03-31,12:51,충남 당진시,126.7787359690103,36.950443218480316
307,로드킬,서울 중구 저동2가 76-14 번지에서 로드킬이 발생하였습니다.,2022-03-31,10:52,서울 중구,126.98983713164039,37.56531668896393
306,로드킬,서울 중구 저동2가 76-14 번지에서 로드킬이 발생하였습니다.,2022-03-31,10:52,서울 중구,126.98980935736488,37.56528891407042
305,로드킬,서울 중구 저동2가 76-14 번지에서 로드킬이 발생하였습니다.,2022-03-31,10:51,서울 중구,126.98986490750124,37.565288915075016
304,로드킬,서울 중구 저동2가 76-14 번지에서 로드킬이 발생하였습니다.,2022-03-30,16:02,서울 중구,126.98980935736488,37.56528891407042
303,로드킬,서울 중구 저동2가 76-14 번지에서 로드킬이 발생하였습니다.,2022-03-30,15:59,서울 중구,126.98983713243304,37.56528891457272
302,로드킬,서울 중구 저동2가 76-14 번지에서 로드킬이 발생하였습니다.,2022-03-30,15:58,서울 중구,126.98983713243304,37.56528891457272
301,로드킬,경기 화성시 영천동 651-1836 번지에서 로드킬이 발생하였습니다.,2022-03-30,14:55,경기 화성시,127.12936164907434,37.2019189771764
300,로드킬,경기 광주시 오포읍 문형리 산 77-8 번지에서 로드킬이 발생하였습니다.,2022-03-28,13:06,경기 광주시,127.20415617266978,37.33498750202809
299,로드킬,경기 광주시 장지동 268-3 번지에서 로드킬이 발생하였습니다.,2022-03-28,10:16,경기 광주시,127.24595603683625,37.39209243173693
298,로드킬,경남 진주시 이현동 1180 번지에서 로드킬이 발생하였습니다.,2022-03-27,20:25,경남 진주시,128.05871686259187,35.19420407139487
297,로드킬,충남 당진시 신평면 신흥리 산 32-15 번지에서 로드킬이 발생하였습니다.,2022-03-27,18:12,충남 당진시,126.80195789007085,36.87931335668752
296,로드킬,전북 완주군 용진읍 용흥리 산 102-16 번지에서 로드킬이 발생하였습니다.,2022-03-27,17:50,전북 완주군,127.17511552489407,35.883106474286954
295,로드킬,전북 전주시 덕진구 호성동1가 863 번지에서 로드킬이 발생하였습니다.,2022-03-26,20:42,전북 전주시 덕진구,127.14797980100087,35.861247501340216
294,로드킬,전북 전주시 덕진구 호성동1가 738-2 번지에서 로드킬이 발생하였습니다.,2022-03-26,20:40,전북 전주시 덕진구,127.1479243556617,35.857275753009766
293,로드킬,경기 가평군 설악면 이천리 산 74-11 번지에서 로드킬이 발생하였습니다.,2022-03-26,17:39,경기 가평군,127.43815211687983,37.649481295700035
292,로드킬,서울 중구 을지로3가 344-3 번지에서 로드킬이 발생하였습니다.,2022-03-25,17:15,서울 중구,126.9901704245319,37.565594438903574
291,로드킬,충남 아산시 음봉면 원남리 369-1 번지에서 로드킬이 발생하였습니다.,2022-03-24,12:29,충남 아산시,127.02821418097334,36.86493022295309
290,로드킬,충남 아산시 음봉면 원남리 341-5 번지에서 로드킬이 발생하였습니다.,2022-03-24,12:29,충남 아산시,127.02879745564222,36.86501355660531
289,로드킬,충남 아산시 음봉면 원남리 341-5 번지에서 로드킬이 발생하였습니다.,2022-03-24,12:27,충남 아산시,127.02879745794311,36.86493023335252
288,로드킬,제주특별자치도 서귀포시 대정읍 일과리 1827-4 번지에서 로드킬이 발생하였습니다.,2022-03-24,12:08,제주특별자치도 서귀포시,126.22190820159454,33.24665154961187
287,로드킬,강원 홍천군 홍천읍 와동리 926-5 번지에서 로드킬이 발생하였습니다.,2022-03-24,10:55,강원 홍천군,127.93126860353917,37.724509161304404
286,로드킬,충북 충주시 단월동 677-20 번지에서 로드킬이 발생하였습니다.,2022-03-24,08:06,충북 충주시,127.91412643085326,36.94826961550241
285,로드킬,경북 경주시 외동읍 석계리 784-3 번지에서 로드킬이 발생하였습니다.,2022-03-21,17:34,경북 경주시,129.29658782367213,35.66178280013666
284,로드킬,경북 경주시 외동읍 녹동리 88-2 번지에서 로드킬이 발생하였습니다.,2022-03-21,11:23,경북 경주시,129.29622677426144,35.660810686053
283,로드킬,경기 여주시 가남읍 연대리 451-6 번지에서 로드킬이 발생하였습니다.,2022-03-19,15:59,경기 여주시,127.61256517435744,37.190929127520434
282,로드킬,경기 여주시 가남읍 연대리 167-1 번지에서 로드킬이 발생하였습니다.,2022-03-19,15:59,경기 여주시,127.61334311137014,37.182791239039624
281,로드킬,경남 김해시 강동 466 번지에서 로드킬이 발생하였습니다.,2022-03-19,15:11,경남 김해시,128.87725082229065,35.21152252712761
280,로드킬,충남 공주시 반포면 공암리 436-15 번지에서 로드킬이 발생하였습니다.,2022-03-17,08:43,충남 공주시,127.24626154183889,36.398490371249544
279,로드킬,경남 김해시 어방동 177-45 번지에서 로드킬이 발생하였습니다.,2022-03-16,17:46,경남 김해시,128.90574783523527,35.2232994462202
278,로드킬,경기 부천시 소사본동 257 번지에서 로드킬이 발생하였습니다.,2022-03-16,14:08,경기 부천시,126.79396970649233,37.482295509341746
277,로드킬,충북 청주시 청원구 율량동 산 60-4 번지에서 로드킬이 발생하였습니다.,2022-03-15,09:20,충북 청주시 청원구,127.503118318413,36.66865690752463
276,로드킬,울산 남구 옥동 96-3 번지에서 로드킬이 발생하였습니다.,2022-03-15,08:36,울산 남구,129.28675930556815,35.52552094724236
275,로드킬,경기 오산시 양산동 33-9 번지에서 로드킬이 발생하였습니다.,2022-03-14,20:29,경기 오산시,127.02917711167031,37.19527909007205
274,로드킬,충북 청주시 청원구 율량동 산 60-4 번지에서 로드킬이 발생하였습니다.,2022-03-14,09:20,충북 청주시 청원구,127.50303498998156,36.66876800373562
273,로드킬,경기 안산시 단원구 초지동 793 번지에서 로드킬이 발생하였습니다.,2022-03-13,22:24,경기 안산시 단원구,126.80975057797554,37.317260335002956
272,로드킬,전남 영암군 학산면 묵동리 313-11 번지에서 로드킬이 발생하였습니다.,2022-03-13,15:48,전남 영암군,126.651111879154,34.7026545083578
271,로드킬,충남 태안군 남면 당암리 214 번지에서 로드킬이 발생하였습니다.,2022-03-12,12:51,충남 태안군,126.3254552632998,36.626002383883524
270,로드킬,ROADKILL,2022-03-12,12:02,,126.8028947662463,37.1508637744253
269,로드킬,경기 안성시 원곡면 외가천리 97-1 번지에서 로드킬이 발생하였습니다.,2022-03-11,16:59,경기 안성시,127.13492133208943,37.03585588393675
268,로드킬,울산 울주군 범서읍 굴화리 산 13-1 번지에서 로드킬이 발생하였습니다.,2022-03-11,16:39,울산 울주군,129.24720645548933,35.56040496055198
267,로드킬,서울 강서구 개화동 258-8 번지에서 로드킬이 발생하였습니다.,2022-03-10,22:54,서울 강서구,126.80774308282862,37.59047700575438
266,로드킬,경기 남양주시 진접읍 연평리 614-2 번지에서 로드킬이 발생하였습니다.,2022-03-10,18:18,경기 남양주시,127.165760757305,37.6923599471389
265,로드킬,경기 김포시 운양동 1307-15 번지에서 로드킬이 발생하였습니다.,2022-03-09,17:47,경기 김포시,126.68766972211239,37.652967225062895
264,로드킬,전북 군산시 대야면 광교리 628-53 번지에서 로드킬이 발생하였습니다.,2022-03-08,17:16,전북 군산시,126.85083984955736,35.923957047511756
263,로드킬,전북 전주시 덕진구 용정동 282-1 번지에서 로드킬이 발생하였습니다.,2022-03-08,15:02,전북 전주시 덕진구,127.04543344356017,35.88329862771421
262,로드킬,전북 익산시 춘포면 춘포리 369-2 번지에서 로드킬이 발생하였습니다.,2022-03-08,14:59,전북 익산시,126.99738242610651,35.88510313036416
261,로드킬,충남 아산시 염치읍 백암리 16-4 번지에서 로드킬이 발생하였습니다.,2022-03-05,15:17,충남 아산시,127.03571538559095,36.794966595239345
260,로드킬,세종특별자치시 소정면 운당리 296 번지에서 로드킬이 발생하였습니다.,2022-03-05,11:30,세종특별자치시 세종시,127.1544289033361,36.695314083116706
259,로드킬,충남 아산시 염치읍 백암리 16-12 번지에서 로드킬이 발생하였습니다.,2022-03-05,10:58,충남 아산시,127.03488213117096,36.79502212924306
258,로드킬,세종특별자치시 아름동 800 번지에서 로드킬이 발생하였습니다.,2022-03-05,08:35,세종특별자치시 세종시,127.24759131374316,36.52408639142514
257,로드킬,서울 성동구 금호동4가 54-2 번지에서 로드킬이 발생하였습니다.,2022-03-05,08:29,서울 성동구,127.02327892979419,37.54376436601824
256,로드킬,ROADKILL,2022-03-04,12:01,,128.83953581014293,35.07720431921272
255,로드킬,부산 기장군 철마면 와여리 556-5 번지에서 로드킬이 발생하였습니다.,2022-03-03,08:23,부산 기장군,129.15286216182298,35.27699218554418
254,로드킬,경기 양평군 양평읍 신애리 476-15 번지에서 로드킬이 발생하였습니다.,2022-03-02,13:02,경기 양평군,127.48695679645395,37.51683168256038
253,로드킬,경기 광주시 초월읍 대쌍령리 450-5 번지에서 로드킬이 발생하였습니다.,2022-03-02,10:07,경기 광주시,127.28786870181528,37.38964904900372
252,로드킬,충남 서산시 예천동 316-11 번지에서 로드킬이 발생하였습니다.,2022-03-01,07:41,충남 서산시,126.4409404470863,36.76273782778198
251,로드킬,충남 서산시 예천동 350-17 번지에서 로드킬이 발생하였습니다.,2022-03-01,07:41,충남 서산시,126.4463566053989,36.76212688441873
250,로드킬,경기 이천시 모가면 신갈리 74 번지에서 로드킬이 발생하였습니다.,2022-02-27,18:02,경기 이천시,127.44377559036418,37.203285638998494
249,로드킬,세종특별자치시 전동면 심중리 494-2 번지에서 로드킬이 발생하였습니다.,2022-02-27,17:15,세종특별자치시 세종시,127.27675193514467,36.641878274853134
248,로드킬,세종특별자치시 전동면 석곡리 344 번지에서 로드킬이 발생하였습니다.,2022-02-27,17:12,세종특별자치시 세종시,127.24125476997526,36.662902880640885
247,로드킬,충남 아산시 염치읍 백암리 34-2 번지에서 로드킬이 발생하였습니다.,2022-02-27,16:36,충남 아산시,127.04052046197577,36.79552216921656
246,로드킬,강원 인제군 남면 신남리 산 121-10 번지에서 로드킬이 발생하였습니다.,2022-02-27,16:20,강원 인제군,128.0774414253183,37.96914879452854
245,로드킬,경기 김포시 하성면 하사리 247-9 번지에서 로드킬이 발생하였습니다.,2022-02-27,16:16,경기 김포시,126.63470142682286,37.69751639035952
244,로드킬,경기 화성시 오산동 211-7 번지에서 로드킬이 발생하였습니다.,2022-02-26,17:11,경기 화성시,127.09450419309329,37.19219730638215
243,로드킬,경기 김포시 장기동 1791 번지에서 로드킬이 발생하였습니다.,2022-02-26,17:04,경기 김포시,126.66853295557418,37.644134628955435
242,로드킬,충남 천안시 서북구 성거읍 요방리 166 번지에서 로드킬이 발생하였습니다.,2022-02-26,16:32,충남 천안시 서북구,127.18069982013971,36.85174010176177
241,로드킬,충남 서산시 운산면 가좌리 210 번지에서 로드킬이 발생하였습니다.,2022-02-26,15:47,충남 서산시,126.5667608418555,36.79076439755672
240,로드킬,경기 파주시 문산읍 사목리 745-3 번지에서 로드킬이 발생하였습니다.,2022-02-26,13:10,경기 파주시,126.75054613220189,37.87488565653891
239,로드킬,경기 화성시 정남면 괘랑리 1163-35 번지에서 로드킬이 발생하였습니다.,2022-02-25,14:15,경기 화성시,126.98734855083919,37.1698369840414
238,로드킬,경기 파주시 문산읍 마정리 1188-9 번지에서 로드킬이 발생하였습니다.,2022-02-25,13:29,경기 파주시,126.74740713162251,37.88952269663751
237,로드킬,경남 김해시 부곡동 397 번지에서 로드킬이 발생하였습니다.,2022-02-25,12:17,경남 김해시,128.79489741574315,35.211187705893806
236,로드킬,경기 용인시 처인구 남사읍 통삼리 산 184-2 번지에서 로드킬이 발생하였습니다.,2022-02-24,20:35,경기 용인시 처인구,127.12639164983761,37.13320503951283
235,로드킬,충남 논산시 광석면 득윤리 28-7 번지에서 로드킬이 발생하였습니다.,2022-02-24,13:50,충남 논산시,127.0584505318418,36.23878401872268
234,로드킬,경북 영천시 오미동 774-2 번지에서 로드킬이 발생하였습니다.,2022-02-21,08:25,경북 영천시,128.92516855767337,36.00048553684325
233,로드킬,경기 안성시 원곡면 칠곡리 산 181-2 번지에서 로드킬이 발생하였습니다.,2022-02-20,19:45,경기 안성시,127.16933405955454,37.05757609391545
232,로드킬,경남 창원시 마산회원구 내서읍 호계리 300 번지에서 로드킬이 발생하였습니다.,2022-02-19,16:08,경남 창원시 마산회원구,128.51978311440402,35.25359430030212
231,로드킬,충남 보령시 남포면 소송리 218 번지에서 로드킬이 발생하였습니다.,2022-02-19,11:24,충남 보령시,126.58821618680162,36.30360136513241
230,로드킬,충남 당진시 원당동 595-1 번지에서 로드킬이 발생하였습니다.,2022-02-19,10:11,충남 당진시,126.65119357948393,36.92100009727394
229,로드킬,인천 강화군 송해면 하도리 1186-1 번지에서 로드킬이 발생하였습니다.,2022-02-18,16:14,인천 강화군,126.44968978442229,37.76872661117653
228,로드킬,경기 양주시 장흥면 교현리 150-10 번지에서 로드킬이 발생하였습니다.,2022-02-18,06:36,경기 양주시,126.9707236362148,37.71377044880701
227,로드킬,충남 당진시 석문면 교로리 868-3 번지에서 로드킬이 발생하였습니다.,2022-02-16,13:56,충남 당진시,126.51773088019759,37.047093572563135
226,로드킬,경기 남양주시 조안면 능내리 산 7-6 번지에서 로드킬이 발생하였습니다.,2022-02-16,12:45,경기 남양주시,127.26445009902203,37.536103022926596
225,로드킬,경기 용인시 처인구 원삼면 목신리 147-1 번지에서 로드킬이 발생하였습니다.,2022-02-15,10:18,경기 용인시 처인구,127.3096798640706,37.118737887839835
224,로드킬,전북 완주군 이서면 금평리 155-3 번지에서 로드킬이 발생하였습니다.,2022-02-14,08:51,전북 완주군,127.05187875655957,35.826888819763056
223,로드킬,경기 수원시 권선구 호매실동 1436 번지에서 로드킬이 발생하였습니다.,2022-02-13,17:07,경기 수원시 권선구,126.95254379810143,37.26179741141957
222,로드킬,경기 고양시 일산동구 장항동 537-43 번지에서 로드킬이 발생하였습니다.,2022-02-13,14:35,경기 고양시 일산동구,126.7650515133353,37.63627620448632
221,로드킬,경기 용인시 처인구 이동읍 천리 산 319-5 번지에서 로드킬이 발생하였습니다.,2022-02-13,11:57,경기 용인시 처인구,127.20052178533437,37.18883851789071
220,로드킬,충남 당진시 석문면 삼봉리 966-17 번지에서 로드킬이 발생하였습니다.,2022-02-12,12:29,충남 당진시,126.5414795075871,37.01273704790254
219,로드킬,충남 당진시 석문면 통정리 602-8 번지에서 로드킬이 발생하였습니다.,2022-02-12,12:23,충남 당진시,126.58589255402597,36.98729646825813
218,로드킬,경기 의정부시 산곡동 486-2 번지에서 로드킬이 발생하였습니다.,2022-02-12,11:22,경기 의정부시,127.10371056385138,37.716439208218986
217,로드킬,충남 공주시 유구읍 유구리 89-2 번지에서 로드킬이 발생하였습니다.,2022-02-12,09:57,충남 공주시,126.98392137920212,36.5551335209156
216,로드킬,충남 홍성군 홍성읍 고암리 84-6 번지에서 로드킬이 발생하였습니다.,2022-02-11,21:06,충남 홍성군,126.68308835833167,36.5887630714167
215,로드킬,충남 부여군 은산면 가중리 13 번지에서 로드킬이 발생하였습니다.,2022-02-11,17:57,충남 부여군,126.85230202563785,36.29930090919713
214,로드킬,경기 화성시 봉담읍 분천리 188-9 번지에서 로드킬이 발생하였습니다.,2022-02-11,15:42,경기 화성시,126.96404448551499,37.19741655081094
213,로드킬,경기 화성시 남양읍 송림리 32-7 번지에서 로드킬이 발생하였습니다.,2022-02-11,08:31,경기 화성시,126.82133507266603,37.23527051296462
212,로드킬,경기 용인시 처인구 포곡읍 삼계리 4 번지에서 로드킬이 발생하였습니다.,2022-02-09,22:25,경기 용인시 처인구,127.24651413248215,37.30127014670967
211,로드킬,경기 남양주시 진접읍 연평리 837-1 번지에서 로드킬이 발생하였습니다.,2022-02-09,09:05,경기 남양주시,127.16906627165102,37.68263897150527
210,로드킬,강원 인제군 인제읍 남북리 373-6 번지에서 로드킬이 발생하였습니다.,2022-02-08,20:52,강원 인제군,128.16587437778583,38.062972375219054
209,로드킬,강원 인제군 인제읍 남북리 373-6 번지에서 로드킬이 발생하였습니다.,2022-02-08,20:51,강원 인제군,128.1659299287856,38.06294460190264
208,로드킬,충남 서천군 판교면 흥림리 447-15 번지에서 로드킬이 발생하였습니다.,2022-02-07,18:02,충남 서천군,126.68582248709257,36.12973506939986
207,로드킬,경기 용인시 처인구 이동읍 천리 산 319-7 번지에서 로드킬이 발생하였습니다.,2022-02-07,18:01,경기 용인시 처인구,127.20099399556301,37.18764422691477
206,로드킬,충남 아산시 염치읍 대동리 147-2 번지에서 로드킬이 발생하였습니다.,2022-02-07,17:09,충남 아산시,127.04340876139105,36.80679863525146
205,로드킬,전북 익산시 오산면 장신리 39 번지에서 로드킬이 발생하였습니다.,2022-02-07,14:13,전북 익산시,126.93183136874694,35.952177293861794
204,로드킬,전북 익산시 오산면 영만리 41-23 번지에서 로드킬이 발생하였습니다.,2022-02-07,14:08,전북 익산시,126.91222202023634,35.95642644427853
203,로드킬,충남 서천군 마서면 어리 19-9 번지에서 로드킬이 발생하였습니다.,2022-02-07,13:41,충남 서천군,126.70782234869215,36.05443893386354
202,로드킬,충남 예산군 오가면 신석리 190-5 번지에서 로드킬이 발생하였습니다.,2022-02-05,22:01,충남 예산군,126.77224387945299,36.6830310217493
201,로드킬,충남 예산군 오가면 좌방리 207-18 번지에서 로드킬이 발생하였습니다.,2022-02-05,22:00,충남 예산군,126.77107722928238,36.686586127221894
200,로드킬,경기 남양주시 진접읍 연평리 837-1 번지에서 로드킬이 발생하였습니다.,2022-02-05,18:14,경기 남양주시,127.16901073196595,37.68227790343357
199,로드킬,강원 인제군 남면 어론리 833-2 번지에서 로드킬이 발생하였습니다.,2022-02-04,22:14,강원 인제군,128.06324927814674,37.93915218227389
198,로드킬,전남 해남군 옥천면 신계리 80-8 번지에서 로드킬이 발생하였습니다.,2022-02-03,15:22,전남 해남군,126.63880999687619,34.59927762209715
197,로드킬,충남 당진시 송악읍 반촌리 837-1 번지에서 로드킬이 발생하였습니다.,2022-02-03,09:26,충남 당진시,126.70110584974857,36.9048084917355
196,로드킬,광주 남구 노대동 722 번지에서 로드킬이 발생하였습니다.,2022-02-02,16:49,광주 남구,126.90235581666097,35.11074930936974
195,로드킬,충남 아산시 탕정면 용두리 436-2 번지에서 로드킬이 발생하였습니다.,2022-02-02,08:50,충남 아산시,127.04729732842597,36.80485449513896
194,로드킬,경기 남양주시 진접읍 내각리 85-6 번지에서 로드킬이 발생하였습니다.,2022-01-31,16:51,경기 남양주시,127.17700919662367,37.70833042615784
193,로드킬,충남 당진시 석문면 통정리 959-12 번지에서 로드킬이 발생하였습니다.,2022-01-31,16:06,충남 당진시,126.57119934926449,36.99415648966095
192,로드킬,충남 당진시 송악읍 고대리 194-1235 번지에서 로드킬이 발생하였습니다.,2022-01-31,11:14,충남 당진시,126.74465517995665,36.97813370450782
191,로드킬,경기 남양주시 진건읍 신월리 653-35 번지에서 로드킬이 발생하였습니다.,2022-01-31,09:00,경기 남양주시,127.15337388546254,37.66441868548871
190,로드킬,충남 천안시 동남구 목천읍 소사리 산 79-8 번지에서 로드킬이 발생하였습니다.,2022-01-30,18:37,충남 천안시 동남구,127.1701761900611,36.73867024157353
189,로드킬,경기 남양주시 진접읍 내각리 85-6 번지에서 로드킬이 발생하였습니다.,2022-01-30,16:47,경기 남양주시,127.17709251860232,37.708441525234825
188,로드킬,강원 횡성군 둔내면 삽교리 938 번지에서 로드킬이 발생하였습니다.,2022-01-30,13:54,강원 횡성군,128.28457363756473,37.5273454054267
187,로드킬,ROADKILL,2022-01-29,22:59,,126.93827814795831,36.87517738241658
186,로드킬,충북 괴산군 괴산읍 동부리 산 10-12 번지에서 로드킬이 발생하였습니다.,2022-01-29,21:53,충북 괴산군,127.79514161770219,36.81747763874608
185,로드킬,경북 청송군 주왕산면 주산지리 산 40-1 번지에서 로드킬이 발생하였습니다.,2022-01-27,16:29,경북 청송군,129.19057809408287,36.33856144920196
184,로드킬,경기 구리시 토평동 800-8 번지에서 로드킬이 발생하였습니다.,2022-01-27,15:51,경기 구리시,127.13407277695585,37.57542918491846
183,로드킬,강원 횡성군 둔내면 현천리 373-8 번지에서 로드킬이 발생하였습니다.,2022-01-27,14:59,강원 횡성군,128.1853343474292,37.49015357944258
182,로드킬,충남 당진시 송산면 당산리 469-11 번지에서 로드킬이 발생하였습니다.,2022-01-27,12:43,충남 당진시,126.63897178462602,36.94882984231343
181,로드킬,제주특별자치도 제주시 구좌읍 종달리 2598 번지에서 로드킬이 발생하였습니다.,2022-01-27,10:23,제주특별자치도 제주시,126.89317351737635,33.4960777348864
180,로드킬,경남 창원시 진해구 안골동 517-43 번지에서 로드킬이 발생하였습니다.,2022-01-25,23:33,경남 창원시 진해구,128.7997335273343,35.09334057269776
179,로드킬,전북 완주군 소양면 신원리 산 90-1 번지에서 로드킬이 발생하였습니다.,2022-01-25,13:29,전북 완주군,127.29785469124174,35.8506958398321
178,로드킬,경기 용인시 처인구 포곡읍 마성리 325-1 번지에서 로드킬이 발생하였습니다.,2022-01-24,16:16,경기 용인시 처인구,127.1947143836919,37.27385586916183
177,로드킬,충남 당진시 정미면 모평리 390-13 번지에서 로드킬이 발생하였습니다.,2022-01-24,13:32,충남 당진시,126.59472815161419,36.87233833892155
176,로드킬,경기 김포시 고촌읍 전호리 519-8 번지에서 로드킬이 발생하였습니다.,2022-01-24,09:35,경기 김포시,126.7833844808173,37.585921569265686
175,로드킬,경기 남양주시 진접읍 내각리 461-6 번지에서 로드킬이 발생하였습니다.,2022-01-24,09:15,경기 남양주시,127.16576074604788,37.69274878857834
174,로드킬,전북 남원시 송동면 신평리 1812-1 번지에서 로드킬이 발생하였습니다.,2022-01-24,08:51,전북 남원시,127.32689236303706,35.36953145533594
173,로드킬,경북 영천시 금노동 684-1 번지에서 로드킬이 발생하였습니다.,2022-01-22,11:29,경북 영천시,128.9319191642895,35.95718525982409
172,로드킬,경기 용인시 기흥구 보라동 327-2 번지에서 로드킬이 발생하였습니다.,2022-01-22,10:44,경기 용인시 기흥구,127.10439025501978,37.258411666227545
171,로드킬,제주특별자치도 서귀포시 성산읍 고성리 480-2 번지에서 로드킬이 발생하였습니다.,2022-01-21,19:02,제주특별자치도 서귀포시,126.91670040915085,33.44022350198667
170,로드킬,충남 당진시 송악읍 반촌리 29-3 번지에서 로드킬이 발생하였습니다.,2022-01-20,23:01,충남 당진시,126.71229946485849,36.89544871147634
169,로드킬,충남 아산시 장존동 570-9 번지에서 로드킬이 발생하였습니다.,2022-01-20,19:55,충남 아산시,127.01349671377304,36.74380571628984
168,로드킬,경기 파주시 문산읍 마정리 1215-5 번지에서 로드킬이 발생하였습니다.,2022-01-20,13:37,경기 파주시,126.74726829778291,37.88807842654979
167,로드킬,경기 김포시 대곶면 대벽리 429-4 번지에서 로드킬이 발생하였습니다.,2022-01-19,13:55,경기 김포시,126.58518064027301,37.62149702083966
166,로드킬,경남 양산시 하북면 순지리 272-13 번지에서 로드킬이 발생하였습니다.,2022-01-17,12:36,경남 양산시,129.08766770277836,35.4943264154524
165,로드킬,울산 울주군 범서읍 입암리 587-2 번지에서 로드킬이 발생하였습니다.,2022-01-17,08:45,울산 울주군,129.22215286623788,35.57368069220295
164,로드킬,충남 천안시 동남구 용곡동 145-3 번지에서 로드킬이 발생하였습니다.,2022-01-16,14:39,충남 천안시 동남구,127.13831688757068,36.7843863717993
163,로드킬,충남 홍성군 홍성읍 학계리 11 번지에서 로드킬이 발생하였습니다.,2022-01-15,19:39,충남 홍성군,126.67372843110712,36.57829195035612
162,로드킬,충남 홍성군 홍성읍 고암리 875-4 번지에서 로드킬이 발생하였습니다.,2022-01-15,19:39,충남 홍성군,126.67345067120557,36.57862523860825
161,로드킬,충남 홍성군 홍성읍 고암리 875-4 번지에서 로드킬이 발생하였습니다.,2022-01-15,19:39,충남 홍성군,126.67347844555914,36.578653013516494
160,로드킬,전북 김제시 복죽동 449-18 번지에서 로드킬이 발생하였습니다.,2022-01-15,15:25,전북 김제시,126.8505928487488,35.80983181452384
159,로드킬,전북 정읍시 북면 화해리 548-1 번지에서 로드킬이 발생하였습니다.,2022-01-15,12:47,전북 정읍시,126.88192854145166,35.603301472139485
158,로드킬,충북 옥천군 동이면 금암리 87 번지에서 로드킬이 발생하였습니다.,2022-01-15,10:02,충북 옥천군,127.642560030092,36.28595544398525
157,로드킬,부산 금정구 회동동 산 4-23 번지에서 로드킬이 발생하였습니다.,2022-01-14,18:11,부산 금정구,129.12944883181757,35.23574660573663
156,로드킬,경기 용인시 기흥구 공세동 309-2 번지에서 로드킬이 발생하였습니다.,2022-01-14,14:16,경기 용인시 기흥구,127.1087793258569,37.23688658214827
155,로드킬,경기 김포시 고촌읍 전호리 519-8 번지에서 로드킬이 발생하였습니다.,2022-01-14,11:10,경기 김포시,126.78299562599553,37.5860604342373
154,로드킬,세종특별자치시 전의면 동교리 15-18 번지에서 로드킬이 발생하였습니다.,2022-01-13,08:26,세종특별자치시 세종시,127.21689570998949,36.673540050016975
153,로드킬,경기 화성시 비봉면 삼화리 85-637 번지에서 로드킬이 발생하였습니다.,2022-01-13,08:17,경기 화성시,126.85280338918786,37.26557294566401
152,로드킬,충남 예산군 오가면 신장리 612-1 번지에서 로드킬이 발생하였습니다.,2022-01-12,14:26,충남 예산군,126.79529771180687,36.66445033808452
151,로드킬,충남 홍성군 홍동면 신기리 345-4 번지에서 로드킬이 발생하였습니다.,2022-01-12,13:04,충남 홍성군,126.7115304286316,36.5749596786228
150,로드킬,충남 예산군 덕산면 사천리 산 38-3 번지에서 로드킬이 발생하였습니다.,2022-01-12,11:35,충남 예산군,126.62484215722898,36.656837165785745
149,로드킬,충남 당진시 석문면 초락도리 204-8 번지에서 로드킬이 발생하였습니다.,2022-01-12,09:51,충남 당진시,126.50798302919641,37.0028765481604
148,로드킬,경기 김포시 고촌읍 전호리 519-8 번지에서 로드킬이 발생하였습니다.,2022-01-12,09:09,경기 김포시,126.78341225588103,37.58592156976348
147,로드킬,충남 당진시 면천면 문봉리 836-3 번지에서 로드킬이 발생하였습니다.,2022-01-11,15:40,충남 당진시,126.70430263725817,36.807264805038166
146,로드킬,충남 홍성군 홍동면 신기리 산 49-1 번지에서 로드킬이 발생하였습니다.,2022-01-10,13:40,충남 홍성군,126.71400246453774,36.57301551202451
145,로드킬,충남 아산시 염치읍 백암리 95-2 번지에서 로드킬이 발생하였습니다.,2022-01-09,13:40,충남 아산시,127.04318659276278,36.80563210565385
144,로드킬,경기 파주시 광탄면 방축리 817-4 번지에서 로드킬이 발생하였습니다.,2022-01-07,19:04,경기 파주시,126.84534430457695,37.808256631318734
143,로드킬,충남 당진시 석문면 통정리 산 188-10 번지에서 로드킬이 발생하였습니다.,2022-01-07,16:13,충남 당진시,126.59519736823911,36.98135290793098
142,로드킬,경남 양산시 동면 법기리 886-2 번지에서 로드킬이 발생하였습니다.,2022-01-07,10:42,경남 양산시,129.12300221753833,35.33484591292824
141,로드킬,서울 동대문구 휘경동 42-4 번지에서 로드킬이 발생하였습니다.,2022-01-06,18:57,서울 동대문구,127.06449579487361,37.590509414613784
140,로드킬,충북 음성군 삼성면 양덕리 470-3 번지에서 로드킬이 발생하였습니다.,2022-01-06,18:15,충북 음성군,127.48461009330113,37.02383590098434
139,로드킬,경북 포항시 남구 오천읍 원리 892 번지에서 로드킬이 발생하였습니다.,2022-01-06,16:59,경북 포항시 남구,129.39881931418896,35.96972048753359
138,로드킬,충남 청양군 청남면 중산리 700 번지에서 로드킬이 발생하였습니다.,2022-01-06,16:40,충남 청양군,126.9680955263381,36.334298726942365
137,로드킬,충남 청양군 청남면 중산리 558-1 번지에서 로드킬이 발생하였습니다.,2022-01-06,16:40,충남 청양군,126.9667622725826,36.33610404192371
136,로드킬,경기 안양시 동안구 호계동 1023 번지에서 로드킬이 발생하였습니다.,2022-01-06,16:32,경기 안양시 동안구,126.9599288994143,37.37083983847007
135,로드킬,강원 속초시 교동 619-126 번지에서 로드킬이 발생하였습니다.,2022-01-06,16:29,강원 속초시,128.5730247031472,38.20632390862005
134,로드킬,경기 구리시 사노동 38-7 번지에서 로드킬이 발생하였습니다.,2022-01-06,14:52,경기 구리시,127.14815300097503,37.63572764539542
133,로드킬,경기 용인시 처인구 양지면 주북리 1117-11 번지에서 로드킬이 발생하였습니다.,2022-01-06,14:11,경기 용인시 처인구,127.23943298319104,37.248665295300725
132,로드킬,경기 용인시 처인구 이동읍 천리 90-6 번지에서 로드킬이 발생하였습니다.,2022-01-06,13:33,경기 용인시 처인구,127.21454821771796,37.188338832556745
131,로드킬,충남 공주시 의당면 도신리 632-8 번지에서 로드킬이 발생하였습니다.,2022-01-06,12:44,충남 공주시,127.16929170479145,36.581716939279936
130,로드킬,경기 남양주시 이패동 산 43-2 번지에서 로드킬이 발생하였습니다.,2022-01-06,10:48,경기 남양주시,127.20253722982454,37.613453576861076
129,로드킬,경남 진주시 상대동 332-1 번지에서 로드킬이 발생하였습니다.,2022-01-06,10:41,경남 진주시,128.11596163613578,35.18856687698847
128,로드킬,경기 용인시 처인구 이동읍 화산리 723 번지에서 로드킬이 발생하였습니다.,2022-01-06,10:10,경기 용인시 처인구,127.20888329803697,37.145954982700744
127,로드킬,전북 부안군 동진면 동전리 1459-1 번지에서 로드킬이 발생하였습니다.,2022-01-06,09:45,전북 부안군,126.77082409953975,35.75522586122488
126,로드킬,충남 당진시 석문면 교로리 산 6-39 번지에서 로드킬이 발생하였습니다.,2022-01-06,09:41,충남 당진시,126.49776045701944,37.052314811603665
125,로드킬,경기 용인시 기흥구 언남동 318-1 번지에서 로드킬이 발생하였습니다.,2022-01-06,08:40,경기 용인시 기흥구,127.11949877600352,37.29810156136242
124,로드킬,경기 용인시 기흥구 언남동 318-1 번지에서 로드킬이 발생하였습니다.,2022-01-06,08:36,경기 용인시 기흥구,127.11947100171022,37.29807378645767
123,로드킬,경기 용인시 기흥구 언남동 318-1 번지에서 로드킬이 발생하였습니다.,2022-01-06,08:28,경기 용인시 기흥구,127.11949877600352,37.29810156136242
122,로드킬,경기 용인시 기흥구 언남동 318-1 번지에서 로드킬이 발생하였습니다.,2022-01-06,08:27,경기 용인시 기흥구,127.11949877600352,37.29810156136242
121,로드킬,경기 용인시 기흥구 언남동 318-1 번지에서 로드킬이 발생하였습니다.,2022-01-06,08:23,경기 용인시 기흥구,127.11949877600352,37.29810156136242
120,로드킬,경기 용인시 기흥구 언남동 318-1 번지에서 로드킬이 발생하였습니다.,2022-01-06,08:21,경기 용인시 기흥구,127.11938768040403,37.29793491293833
119,로드킬,경기 광주시 곤지암읍 곤지암리 520-2 번지에서 로드킬이 발생하였습니다.,2022-01-06,06:01,경기 광주시,127.33642104017363,37.337461833929346
118,로드킬,경기 용인시 기흥구 보정동 1019-636 번지에서 로드킬이 발생하였습니다.,2022-01-06,00:13,경기 용인시 기흥구,127.10138950876912,37.29510159858846
117,로드킬,충북 진천군 진천읍 송두리 607 번지에서 로드킬이 발생하였습니다.,2022-01-05,22:10,충북 진천군,127.46156114506869,36.86885421896005
116,로드킬,서울 중구 저동1가 114 번지에서 로드킬이 발생하였습니다.,2022-01-05,19:06,서울 중구,126.98719850492135,37.5651499949014
115,로드킬,경기 안산시 상록구 본오동 588-287 번지에서 로드킬이 발생하였습니다.,2022-01-05,18:44,경기 안산시 상록구,126.86008012765775,37.27743274462109
114,로드킬,경남 남해군 미조면 미조리 105-4 번지에서 로드킬이 발생하였습니다.,2022-01-05,18:02,경남 남해군,128.04528633365888,34.71284392022981
113,로드킬,전북 남원시 인월면 서무리 185-3 번지에서 로드킬이 발생하였습니다.,2022-01-05,17:45,전북 남원시,127.5951698140542,35.47346826372734
112,로드킬,경기 남양주시 진접읍 팔야리 419-7 번지에서 로드킬이 발생하였습니다.,2022-01-05,17:25,경기 남양주시,127.21669843707987,37.754075569594534
111,로드킬,서울 강서구 방화동 46-5 번지에서 로드킬이 발생하였습니다.,2022-01-05,16:03,서울 강서구,126.81838108117483,37.58522783727195
110,로드킬,경기 의정부시 금오동 51-11 번지에서 로드킬이 발생하였습니다.,2022-01-05,15:03,경기 의정부시,127.08068387379956,37.75662832492156
109,로드킬,대전 동구 삼성동 481 번지에서 로드킬이 발생하였습니다.,2022-01-05,13:14,대전 동구,127.43230085000617,36.34075063606867
108,로드킬,경기 고양시 덕양구 지축동 725-10 번지에서 로드킬이 발생하였습니다.,2022-01-05,12:52,경기 고양시 덕양구,126.90742602561781,37.65238790994889
107,로드킬,경기 안성시 미양면 진촌리 53-2 번지에서 로드킬이 발생하였습니다.,2022-01-05,12:29,경기 안성시,127.20122232345737,36.969809520690355
106,로드킬,경북 경주시 용강동 산 11 번지에서 로드킬이 발생하였습니다.,2022-01-05,10:44,경북 경주시,129.23439301579248,35.876895007434165
105,로드킬,경기 성남시 수정구 창곡동 574-1 번지에서 로드킬이 발생하였습니다.,2022-01-05,09:09,경기 성남시 수정구,127.14615812424813,37.46413740559205
104,로드킬,경기 남양주시 진접읍 내각리 73-15 번지에서 로드킬이 발생하였습니다.,2022-01-05,08:02,경기 남양주시,127.1714820743206,37.704330813149134
103,로드킬,경기 남양주시 진접읍 내각리 334-8 번지에서 로드킬이 발생하였습니다.,2022-01-05,08:00,경기 남양주시,127.16734368919158,37.70088671332246
102,로드킬,경기 남양주시 진건읍 신월리 312-14 번지에서 로드킬이 발생하였습니다.,2022-01-05,07:57,경기 남양주시,127.16831642440589,37.679889293287864
101,로드킬,경기 시흥시 대야동 산 133-4 번지에서 로드킬이 발생하였습니다.,2022-01-05,07:50,경기 시흥시,126.78472125376507,37.45938147021797
100,로드킬,대전 서구 도마동 501 번지에서 로드킬이 발생하였습니다.,2022-01-05,07:25,대전 서구,127.3804453628665,36.31661371704697
99,로드킬,인천 부평구 구산동 304-7 번지에서 로드킬이 발생하였습니다.,2022-01-05,07:22,인천 부평구,126.75464059760213,37.46854648244356
98,로드킬,대전 서구 도마동 333-34 번지에서 로드킬이 발생하였습니다.,2022-01-05,02:45,대전 서구,127.37089068101112,36.31811336607969
97,로드킬,대전 중구 대흥동 908 번지에서 로드킬이 발생하였습니다.,2022-01-04,22:27,대전 중구,127.42919040864923,36.3271688780198
96,로드킬,경기 용인시 기흥구 지곡동 464 번지에서 로드킬이 발생하였습니다.,2022-01-04,21:36,경기 용인시 기흥구,127.12613824120906,37.25496803292724
95,로드킬,경기 수원시 팔달구 화서동 183-11 번지에서 로드킬이 발생하였습니다.,2022-01-04,20:22,경기 수원시 팔달구,126.99690011137456,37.27912943448989
94,로드킬,ROADKILL,2022-01-04,19:35,,128.12393533014853,36.12434468410771
93,로드킬,경기 용인시 기흥구 신갈동 374-11 번지에서 로드킬이 발생하였습니다.,2022-01-04,19:31,경기 용인시 기흥구,127.10330634608674,37.28249205439211
92,로드킬,경기 용인시 기흥구 신갈동 417-37 번지에서 로드킬이 발생하였습니다.,2022-01-04,19:29,경기 용인시 기흥구,127.10327884670721,37.27274323840159
91,로드킬,경기 용인시 기흥구 신갈동 461-4 번지에서 로드킬이 발생하였습니다.,2022-01-04,19:29,경기 용인시 기흥구,127.10330663906393,37.2721322020307
90,로드킬,경기 용인시 수지구 죽전동 1417 번지에서 로드킬이 발생하였습니다.,2022-01-04,19:12,경기 용인시 수지구,127.11849809364232,37.325598201271724
89,로드킬,경기 하남시 초이동 574 번지에서 로드킬이 발생하였습니다.,2022-01-04,18:36,경기 하남시,127.17126471429346,37.536573485995575
88,로드킬,강원 원주시 지정면 안창리 577-5 번지에서 로드킬이 발생하였습니다.,2022-01-04,18:27,강원 원주시,127.8079861381847,37.34871917899593
87,로드킬,서울 강서구 화곡동 905-4 번지에서 로드킬이 발생하였습니다.,2022-01-04,18:18,서울 강서구,126.84718542348122,37.52876301997925
86,로드킬,경기 수원시 영통구 매탄동 1352 번지에서 로드킬이 발생하였습니다.,2022-01-04,17:42,경기 수원시 영통구,127.04195181176253,37.26060471845639
85,로드킬,경북 경주시 외동읍 석계리 772-9 번지에서 로드킬이 발생하였습니다.,2022-01-04,17:34,경북 경주시,129.29747671936386,35.65864429963272
84,로드킬,서울 노원구 상계동 1119-79 번지에서 로드킬이 발생하였습니다.,2022-01-04,16:57,서울 노원구,127.05663301577681,37.67527670861509
83,로드킬,서울 강동구 천호동 167-207 번지에서 로드킬이 발생하였습니다.,2022-01-04,16:29,서울 강동구,127.13318500272013,37.5396279760082
82,로드킬,충북 괴산군 괴산읍 제월리 853 번지에서 로드킬이 발생하였습니다.,2022-01-04,15:25,충북 괴산군,127.83822065277597,36.82308886807554
81,로드킬,충남 예산군 대술면 송석리 465-6 번지에서 로드킬이 발생하였습니다.,2022-01-04,14:53,충남 예산군,126.93803334514196,36.68628354946465
80,로드킬,경기 용인시 수지구 성복동 723 번지에서 로드킬이 발생하였습니다.,2022-01-04,14:18,경기 용인시 수지구,127.06650345050431,37.31484856844041
79,로드킬,충북 제천시 송학면 포전리 323-2 번지에서 로드킬이 발생하였습니다.,2022-01-04,12:29,충북 제천시,128.24333751366942,37.19619028681665
78,로드킬,울산 울주군 웅촌면 고연리 407-3 번지에서 로드킬이 발생하였습니다.,2022-01-04,10:20,울산 울주군,129.17016143045623,35.44316735138406
77,로드킬,전북 정읍시 고부면 만수리 701-1 번지에서 로드킬이 발생하였습니다.,2022-01-04,08:46,전북 정읍시,126.79827015866994,35.59088485187231
76,로드킬,경기 용인시 기흥구 지곡동 307-9 번지에서 로드킬이 발생하였습니다.,2022-01-04,06:39,경기 용인시 기흥구,127.13230463846088,37.24333066888077
75,로드킬,경기 광주시 탄벌동 44-7 번지에서 로드킬이 발생하였습니다.,2022-01-04,02:50,경기 광주시,127.25073267728611,37.41558966131435
74,로드킬,서울 강남구 삼성동 55 번지에서 로드킬이 발생하였습니다.,2022-01-03,20:34,서울 강남구,127.05294341860494,37.51876794954191
73,로드킬,서울 성북구 정릉동 1031 번지에서 로드킬이 발생하였습니다.,2022-01-03,20:23,서울 성북구,127.00725069286956,37.6145054496013
72,로드킬,서울 성북구 정릉동 1031 번지에서 로드킬이 발생하였습니다.,2022-01-03,20:19,서울 성북구,127.00783397086094,37.61444991139059
71,로드킬,경기 안성시 원곡면 반제리 705 번지에서 로드킬이 발생하였습니다.,2022-01-03,19:16,경기 안성시,127.16380767309266,37.0270241405211
70,로드킬,경기 의정부시 가능동 15-431 번지에서 로드킬이 발생하였습니다.,2022-01-03,19:06,경기 의정부시,127.04713176027354,37.751017287713864
69,로드킬,경기 성남시 수정구 신흥동 2466 번지에서 로드킬이 발생하였습니다.,2022-01-03,18:59,경기 성남시 수정구,127.15185253791383,37.44583418138336
68,로드킬,충남 서산시 해미면 삼송리 산 31-1 번지에서 로드킬이 발생하였습니다.,2022-01-03,17:05,충남 서산시,126.56601227191813,36.740298270475144
67,로드킬,울산 남구 선암동 607-9 번지에서 로드킬이 발생하였습니다.,2022-01-03,16:31,울산 남구,129.30959074835224,35.516966837134696
66,로드킬,경기 용인시 처인구 모현읍 왕산리 945-2 번지에서 로드킬이 발생하였습니다.,2022-01-03,16:15,경기 용인시 처인구,127.25173483767173,37.33668260586139
65,로드킬,경기 파주시 조리읍 뇌조리 230-2 번지에서 로드킬이 발생하였습니다.,2022-01-03,16:07,경기 파주시,126.8180427081178,37.763400512819565
64,로드킬,충남 부여군 규암면 석우리 93-9 번지에서 로드킬이 발생하였습니다.,2022-01-03,15:53,충남 부여군,126.85974635133687,36.276914842613046
63,로드킬,충남 아산시 염치읍 동정리 10-12 번지에서 로드킬이 발생하였습니다.,2022-01-03,15:27,충남 아산시,127.00974467935261,36.83098955495956
62,로드킬,충남 부여군 구룡면 태양리 14-1 번지에서 로드킬이 발생하였습니다.,2022-01-03,14:50,충남 부여군,126.81711225463803,36.25061170672591
61,로드킬,강원 원주시 신림면 황둔리 972-10 번지에서 로드킬이 발생하였습니다.,2022-01-03,14:46,강원 원주시,128.1662322851362,37.24829363501257
60,로드킬,경기 부천시 괴안동 252 번지에서 로드킬이 발생하였습니다.,2022-01-03,13:31,경기 부천시,126.81310688872175,37.476602101400225
59,로드킬,제주특별자치도 서귀포시 토평동 3271-4 번지에서 로드킬이 발생하였습니다.,2022-01-03,12:13,제주특별자치도 서귀포시,126.58173482635395,33.294318379799186
58,로드킬,강원 춘천시 신동 1354-4 번지에서 로드킬이 발생하였습니다.,2022-01-03,10:43,강원 춘천시,127.73355942746481,37.930952477174976
57,로드킬,강원 춘천시 신동 5-26 번지에서 로드킬이 발생하였습니다.,2022-01-03,10:41,강원 춘천시,127.73792036525452,37.922564694648145
56,로드킬,부산 사상구 삼락동 29-2 번지에서 로드킬이 발생하였습니다.,2022-01-03,10:30,부산 사상구,128.9761038510735,35.17000148185757
55,로드킬,경남 김해시 내동 1165 번지에서 로드킬이 발생하였습니다.,2022-01-03,08:41,경남 김해시,128.86775105773944,35.235158452412406
54,로드킬,경기 안산시 상록구 부곡동 739-21 번지에서 로드킬이 발생하였습니다.,2022-01-02,23:51,경기 안산시 상록구,126.85488455598448,37.335731115811654
53,로드킬,강원 정선군 사북읍 사북리 452 번지에서 로드킬이 발생하였습니다.,2022-01-02,20:21,강원 정선군,128.8373350370766,37.22861444535405
52,로드킬,경남 창원시 진해구 두동 1296 번지에서 로드킬이 발생하였습니다.,2022-01-02,20:01,경남 창원시 진해구,128.79026159852327,35.11494896375601
51,로드킬,경북 포항시 남구 오천읍 원리 1493 번지에서 로드킬이 발생하였습니다.,2022-01-02,18:41,경북 포항시 남구,129.40456867172625,35.97322018320792
50,로드킬,충남 아산시 배방읍 세교리 953-11 번지에서 로드킬이 발생하였습니다.,2022-01-02,17:33,충남 아산시,127.08612762142488,36.779191622690725
49,로드킬,충남 보령시 웅천읍 두룡리 산 45-8 번지에서 로드킬이 발생하였습니다.,2022-01-02,17:07,충남 보령시,126.59510513853338,36.276021470661526
48,로드킬,충남 공주시 의당면 덕학리 589 번지에서 로드킬이 발생하였습니다.,2022-01-02,16:16,충남 공주시,127.1649028627297,36.59540965482202
47,로드킬,경기 용인시 처인구 포곡읍 전대리 산 14-6 번지에서 로드킬이 발생하였습니다.,2022-01-02,14:44,경기 용인시 처인구,127.20926817249949,37.28632684066416
46,로드킬,서울 성북구 동선동3가 184 번지에서 로드킬이 발생하였습니다.,2022-01-02,13:50,서울 성북구,127.02005559512892,37.59367488907819
45,로드킬,전남 해남군 옥천면 신죽리 758-2 번지에서 로드킬이 발생하였습니다.,2022-01-02,13:02,전남 해남군,126.63880957914095,34.616497811922294
44,로드킬,대전 대덕구 덕암동 340 번지에서 로드킬이 발생하였습니다.,2022-01-02,12:49,대전 대덕구,127.42366007298676,36.43962748772341
43,로드킬,강원 고성군 토성면 성대리 543-15 번지에서 로드킬이 발생하였습니다.,2022-01-02,12:39,강원 고성군,128.50736283723236,38.25678867594297
42,로드킬,전남 영암군 삼호읍 망산리 산 29-8 번지에서 로드킬이 발생하였습니다.,2022-01-02,12:38,전남 영암군,126.51295746363188,34.734842856147225
41,로드킬,강원 고성군 토성면 도원리 162-6 번지에서 로드킬이 발생하였습니다.,2022-01-02,12:37,강원 고성군,128.50622384531295,38.26356560315625
40,로드킬,전남 영암군 삼호읍 서호리 414-11 번지에서 로드킬이 발생하였습니다.,2022-01-02,12:36,전남 영암군,126.50829119908258,34.73642592508694
39,로드킬,강원 고성군 토성면 아야진리 산 148-12 번지에서 로드킬이 발생하였습니다.,2022-01-02,12:35,강원 고성군,128.51630608819104,38.26698205031062
38,로드킬,전남 영암군 삼호읍 서호리 521-2 번지에서 로드킬이 발생하였습니다.,2022-01-02,12:35,전남 영암군,126.50779110878403,34.742091913401154
37,로드킬,전남 무안군 몽탄면 귀학리 29-9 번지에서 로드킬이 발생하였습니다.,2022-01-02,12:20,전남 무안군,126.49806547445635,34.91979293550525
36,로드킬,경북 칠곡군 왜관읍 왜관리 784-241 번지에서 로드킬이 발생하였습니다.,2022-01-02,12:02,경북 칠곡군,128.39419135114318,35.98619949803053
35,로드킬,충남 천안시 동남구 목천읍 삼성리 산 39-4 번지에서 로드킬이 발생하였습니다.,2022-01-02,11:19,충남 천안시 동남구,127.17128659309306,36.760417635101845
34,로드킬,전남 영광군 대마면 원흥리 324-8 번지에서 로드킬이 발생하였습니다.,2022-01-02,11:07,전남 영광군,126.55796706533874,35.299526610927565
33,로드킬,충남 보령시 천북면 하만리 산 171-6 번지에서 로드킬이 발생하였습니다.,2022-01-02,09:22,충남 보령시,126.52382957248143,36.45249897675765
32,로드킬,서울 동대문구 전농동 588-1 번지에서 로드킬이 발생하였습니다.,2022-01-02,01:34,서울 동대문구,127.04894200635106,37.58178797349937
31,로드킬,경기 가평군 설악면 미사리 150-6 번지에서 로드킬이 발생하였습니다.,2022-01-02,00:18,경기 가평군,127.54536238209381,37.70119920345668
30,로드킬,경기 성남시 중원구 상대원동 434-8 번지에서 로드킬이 발생하였습니다.,2022-01-01,22:15,경기 성남시 중원구,127.17415634700684,37.43103083270595
29,로드킬,광주 북구 연제동 36-1 번지에서 로드킬이 발생하였습니다.,2022-01-01,22:01,광주 북구,126.87163426850817,35.199349381965924
28,로드킬,경북 상주시 모서면 도안리 106-7 번지에서 로드킬이 발생하였습니다.,2022-01-01,21:55,경북 상주시,127.9736655584258,36.349148346824286
27,로드킬,충남 보령시 웅천읍 수부리 881 번지에서 로드킬이 발생하였습니다.,2022-01-01,21:32,충남 보령시,126.6260189602797,36.2711614777534
26,로드킬,부산 동래구 사직동 161-1 번지에서 로드킬이 발생하였습니다.,2022-01-01,21:28,부산 동래구,129.07012200554826,35.20077739054468
25,로드킬,경기 김포시 통진읍 고정리 618-10 번지에서 로드킬이 발생하였습니다.,2022-01-01,20:05,경기 김포시,126.58889998478251,37.71076395400988
24,로드킬,충남 보령시 웅천읍 대천리 산 5-3 번지에서 로드킬이 발생하였습니다.,2022-01-01,19:24,충남 보령시,126.59305065899858,36.24258101496628
23,로드킬,충남 보령시 웅천읍 수부리 895 번지에서 로드킬이 발생하였습니다.,2022-01-01,19:21,충남 보령시,126.61521469054824,36.26177353213748
22,로드킬,충남 아산시 배방읍 장재리 2027 번지에서 로드킬이 발생하였습니다.,2022-01-01,18:18,충남 아산시,127.10804185481504,36.79074617320281
21,로드킬,경기 화성시 영천동 43-7 번지에서 로드킬이 발생하였습니다.,2022-01-01,18:13,경기 화성시,127.10897424676207,37.219333161696596
20,로드킬,세종특별자치시 조치원읍 원리 151 번지에서 로드킬이 발생하였습니다.,2022-01-01,16:32,세종특별자치시 세종시,127.29491797054864,36.60146680546732
19,로드킬,ROADKILL,2022-01-01,16:29,,126.71240431697122,37.12339328503048
18,로드킬,충남 아산시 배방읍 북수리 1519 번지에서 로드킬이 발생하였습니다.,2022-01-01,16:18,충남 아산시,127.07021267253332,36.77258102656044
17,로드킬,경기 안양시 만안구 안양동 615-1 번지에서 로드킬이 발생하였습니다.,2022-01-01,15:41,경기 안양시 만안구,126.9324034552848,37.38308785315696
16,로드킬,서울 성북구 성북동 240-1 번지에서 로드킬이 발생하였습니다.,2022-01-01,15:03,서울 성북구,126.99333595324693,37.59461873445241
15,로드킬,경기 여주시 대신면 무촌리 126-1 번지에서 로드킬이 발생하였습니다.,2022-01-01,14:28,경기 여주시,127.60622664960775,37.391432465053
14,로드킬,경남 양산시 어곡동 2091-29 번지에서 로드킬이 발생하였습니다.,2022-01-01,14:03,경남 양산시,128.9859571635609,35.41730582562078
13,로드킬,경남 거제시 거제면 서정리 576-14 번지에서 로드킬이 발생하였습니다.,2022-01-01,13:48,경남 거제시,128.585010046157,34.853337095081585
12,로드킬,충남 서산시 부석면 간월도리 21-46 번지에서 로드킬이 발생하였습니다.,2022-01-01,13:47,충남 서산시,126.41594698247975,36.60811721366923
11,로드킬,충북 충주시 금가면 사암리 50-6 번지에서 로드킬이 발생하였습니다.,2022-01-01,13:23,충북 충주시,127.92828927252818,37.03342626092555
10,로드킬,경북 문경시 문경읍 진안리 167-5 번지에서 로드킬이 발생하였습니다.,2022-01-01,12:58,경북 문경시,128.08636595359184,36.73818703342038
9,로드킬,충남 부여군 규암면 석우리 산 9-8 번지에서 로드킬이 발생하였습니다.,2022-01-01,12:25,충남 부여군,126.85982966927772,36.27719258844513
8,로드킬,충북 청주시 흥덕구 옥산면 가락리 996 번지에서 로드킬이 발생하였습니다.,2022-01-01,12:08,충북 청주시 흥덕구,127.38935126299032,36.67629281791913
7,로드킬,경남 남해군 삼동면 영지리 1503 번지에서 로드킬이 발생하였습니다.,2022-01-01,11:08,경남 남해군,127.97995660673885,34.80902589181934
6,로드킬,강원 춘천시 서면 신매리 887 번지에서 로드킬이 발생하였습니다.,2022-01-01,10:34,강원 춘천시,127.71208973302599,37.91650939172306
5,로드킬,충남 청양군 청양읍 읍내리 183-4 번지에서 로드킬이 발생하였습니다.,2022-01-01,10:15,충남 청양군,126.80016414156484,36.44939303864364
4,로드킬,강원 강릉시 포남동 1096-8 번지에서 로드킬이 발생하였습니다.,2022-01-01,10:06,강원 강릉시,128.9049229205751,37.77027242827713
3,로드킬,경기 용인시 기흥구 보정동 1019-1003 번지에서 로드킬이 발생하였습니다.,2022-01-01,08:09,경기 용인시 기흥구,127.098972708066,37.30812774955135
2,로드킬,경기 용인시 기흥구 서천동 733 번지에서 로드킬이 발생하였습니다.,2022-01-01,06:24,경기 용인시 기흥구,127.07158838645002,37.24060768165716
1,로드킬,경기 안성시 양성면 이현리 산 23-1 번지에서 로드킬이 발생하였습니다.,2022-01-01,01:51,경기 안성시,127.21391203790297,37.0945724147823
